,namespace,M.Pdfs,M.Videos,M.Tarefas,M.S.Exs,(Prof) M. de Relas de A.As,(Prof) M. de Série de Exs,(Prof) M. de Relátorios de Cadernos,(Admin) M. de Relas de A.As,(Admin) M. de Série de Exs,(Admin) M. de Relátorios de Cadernos,(Admin) M. de Relátorios de ADs,(Admin) M. de  Relátorios Mensais/Qbrs,(Student) M. de Relas de A.As,(Student) M. de Relas de Exs,M. Total Questões,M. Questões Disc,M. Questões Banco,(Prof) M.Correções,(Prof) M.Comentários Forum,(Prof) M.Resultados,(Admin) M.Correções,(Admin) M.Comentários Forum,(Admin) M.Resultados,(Student) M.Comentários Forum,(Student) M. de Likes,(Student) M. de Uploads
0,acessoalmirantetamandare,1.18,1.1,1.41,0.3,3.92,2.86,0.11,4.78,1.0,0.0,0.0,0.0,4.16,2.29,0.5,0.89,0.25,2.0,0.25,0.94,0.25,0.0,1.07,1.0,1.0,2.0
1,acessoboqueirao,1.2,0.95,1.48,0.92,1.17,0.6,0.46,0.91,0.2,0.5,2.5,0.0,2.42,0.92,0.59,0.55,0.46,1.25,0.31,0.82,0.0,0.0,0.93,0.31,0.23,0.55
2,acessocampolargo,1.31,1.03,0.71,0.4,2.42,0.71,0.05,6.56,2.0,0.0,2.0,0.0,4.37,2.71,0.7,0.67,0.5,2.5,0.25,0.86,0.0,0.0,0.95,0.25,0.58,0.5
3,acessocampolargokids,1.26,0.95,2.06,0.0,2.5,0.0,0.11,0.44,0.0,0.5,0.0,0.0,0.58,0.0,0.1,0.22,0.0,0.67,1.5,1.03,0.0,0.0,1.09,0.75,0.5,0.0
4,acessofazendariogrande,1.34,1.03,0.47,0.6,0.92,1.0,0.05,2.0,1.0,0.0,0.0,0.0,3.53,1.93,0.4,1.0,0.25,1.83,0.5,0.86,0.25,0.0,1.02,2.0,0.5,0.0
5,acessohauer,1.39,0.87,1.41,0.1,2.33,1.14,0.84,2.44,0.5,2.25,0.0,0.0,3.05,1.71,0.2,0.44,0.0,2.0,6.25,0.96,0.5,0.0,1.09,9.0,2.33,2.0
6,acessopinhais,1.32,1.0,0.59,0.7,0.67,1.14,0.11,2.44,0.5,0.0,6.0,0.0,3.74,3.79,0.4,0.22,0.5,0.33,0.25,0.97,1.5,0.0,0.99,0.25,0.17,0.5
7,acessosantafelicidade,1.19,0.98,1.84,0.33,4.35,1.27,0.15,9.09,1.4,0.0,2.5,0.0,3.23,1.5,1.05,2.36,0.54,0.25,0.62,0.8,0.0,0.0,0.91,0.62,1.0,2.45
8,acessosjpinhais,1.04,1.27,0.45,0.79,0.91,1.67,2.85,0.36,0.4,0.62,0.0,0.0,1.71,1.0,0.44,0.86,0.46,3.06,7.69,0.82,0.4,1.25,1.1,3.75,1.14,2.09
9,adrianochan,1.03,1.25,0.0,1.79,0.52,0.0,0.0,2.36,4.2,2.5,0.0,0.0,0.45,0.25,0.51,0.14,1.62,0.44,0.0,1.25,2.0,0.5,1.16,0.0,0.05,0.0
10,aescobjetivo,1.41,1.12,0.7,0.0,1.69,0.0,0.12,1.91,0.1,1.0,4.76,0.0,1.76,0.0,2.33,1.04,0.82,3.08,0.62,0.84,10.0,0.0,0.7,0.48,1.76,1.15
11,albertsabin,0.0,0.0,0.0,0.0,0.0,0.0,0.0,0.0,0.0,0.0,0.0,0.0,0.0,0.0,0.0,0.0,0.0,0.0,0.0,0.0,0.0,0.0,0.0,0.0,0.0,0.0
12,amadeus,1.18,1.16,3.87,0.61,1.39,2.0,0.22,2.62,2.4,0.0,0.0,0.0,2.14,1.65,1.48,6.25,2.06,3.57,0.25,0.84,0.0,0.14,0.95,0.54,1.64,2.43
13,apogeustoantonio2,1.67,1.03,0.0,0.72,0.11,0.36,0.11,0.55,2.4,0.0,0.0,14.29,0.76,0.47,1.9,0.31,1.56,0.18,0.0,1.2,0.0,0.0,0.85,0.0,0.29,0.14
14,aprovest,0.0,0.0,0.0,0.0,0.0,0.0,0.0,0.0,0.0,0.0,0.0,0.0,0.0,0.0,0.0,0.0,0.0,0.0,0.0,0.0,0.0,0.0,0.0,0.0,0.0,0.0
15,brasilcursinhos,1.32,0.92,0.41,1.7,0.58,7.86,2.16,3.33,0.0,0.5,0.0,0.0,1.32,3.79,0.4,1.0,1.0,1.0,4.25,1.01,0.0,0.0,0.62,0.25,4.92,0.0
16,camerinocursos,0.0,0.0,0.0,0.0,0.0,0.0,0.0,0.0,0.0,0.0,0.0,0.0,0.45,0.0,0.0,0.0,0.0,0.0,0.0,1.12,0.0,0.0,1.19,0.0,0.0,0.0
17,casdinhosjc,1.23,1.52,0.0,0.89,0.0,0.08,0.0,0.14,0.35,0.0,0.0,0.0,0.16,0.06,0.13,0.06,0.22,0.0,0.0,1.2,0.0,0.0,1.37,0.08,0.14,0.0
18,casdvest,1.38,1.31,0.27,0.28,0.06,0.04,0.44,0.17,0.0,0.0,0.0,0.0,0.11,0.0,0.23,0.0,0.17,0.07,0.0,1.2,0.0,0.0,1.37,0.0,0.07,0.0
19,cbpdigital,0.0,0.0,0.0,0.0,0.59,0.0,0.0,1.78,0.0,0.0,0.0,12.5,0.86,0.0,1.97,0.6,0.0,0.11,0.0,1.15,0.0,0.0,1.0,0.0,0.0,0.0
20,ceabb,1.35,0.92,1.18,0.6,1.17,3.43,0.21,0.44,0.0,0.5,1.0,5.5,0.58,3.14,2.4,4.78,0.75,0.5,0.0,1.11,0.25,0.0,1.09,0.25,2.58,0.5
21,ceespacolivre,1.13,1.15,1.03,0.0,0.7,0.2,0.62,0.55,0.0,0.0,0.0,0.0,0.45,0.08,0.64,1.45,0.23,0.38,0.23,1.11,2.0,0.0,1.16,0.44,0.64,6.0
22,cem,1.06,1.03,1.18,2.5,2.25,8.0,0.58,2.67,2.5,0.25,0.0,2.5,3.84,6.29,1.7,4.11,0.75,1.5,1.5,1.04,1.25,0.0,1.08,1.75,1.67,2.0
23,ceprimeiromundo,1.38,1.07,1.09,0.11,1.46,0.24,0.25,0.82,0.0,0.42,0.0,0.0,0.47,0.07,1.19,3.12,0.05,0.88,0.77,1.07,0.2,0.0,1.05,0.52,0.7,0.54
24,ciadosaber,1.37,1.1,0.06,0.1,3.0,0.14,0.42,0.0,0.0,0.0,0.0,0.0,1.74,0.29,1.8,4.89,0.0,0.67,0.25,1.06,0.0,0.0,1.09,1.25,2.17,0.0
25,cnslpb,0.0,0.0,0.0,0.0,0.54,0.0,0.0,0.0,0.0,0.0,0.0,0.0,0.29,0.0,0.0,0.0,4.17,0.0,0.0,1.56,0.0,0.0,1.29,0.0,0.0,0.0
26,colegioarena,1.05,1.0,6.67,0.44,0.56,0.0,0.0,0.62,0.0,0.0,0.0,0.0,2.59,0.06,0.52,2.56,0.17,0.79,0.0,1.2,0.2,0.0,1.07,0.0,0.0,0.14
27,colegiobatistaindependente,0.0,0.0,0.0,0.0,0.95,0.0,0.0,0.94,0.0,0.0,0.0,0.0,2.28,0.0,2.63,0.75,1.53,2.53,0.0,1.14,0.0,0.0,1.12,0.0,0.0,0.0
28,colegiobetelbrasileirosp,0.79,1.67,0.52,0.0,0.52,0.0,0.08,1.55,0.0,0.25,0.0,0.0,1.16,0.0,0.26,0.55,0.0,0.56,0.31,1.05,0.0,0.0,1.14,0.12,0.09,0.09
29,colegiobilac,0.97,0.97,2.24,2.7,7.33,1.0,0.05,5.78,2.5,0.0,0.0,0.0,2.95,1.93,1.4,0.89,0.0,1.67,1.25,1.07,0.25,0.0,1.09,2.25,2.08,0.0
30,colegiobrasilia,1.55,1.11,0.33,0.56,5.56,4.0,11.11,2.66,5.0,0.29,0.0,0.0,2.41,2.76,2.61,0.75,1.44,1.36,8.33,0.96,2.3,14.29,0.95,7.69,7.14,7.14
31,colegiocb,0.87,1.25,2.61,0.92,2.96,1.93,0.77,0.0,0.0,0.0,2.5,9.09,1.32,1.83,1.05,0.77,1.62,1.56,1.85,0.69,0.0,0.0,1.16,1.06,1.45,0.82
32,colegiodasamericas,1.23,1.0,0.94,0.5,2.33,5.57,3.26,3.33,2.5,0.0,0.0,1.5,3.42,5.21,1.2,2.11,0.5,5.17,9.25,0.69,16.5,12.5,1.07,9.25,1.58,2.5
33,colegioeag,1.02,1.35,1.61,0.11,0.15,1.82,0.12,0.09,1.8,0.0,0.0,0.0,0.13,1.2,0.3,0.31,0.86,1.38,0.0,1.06,0.5,0.0,1.19,2.0,0.89,7.69
34,colegioecursodesafio,0.79,1.15,3.23,2.71,2.65,1.73,0.15,0.64,1.8,0.12,0.0,0.0,1.68,1.75,2.33,4.55,7.69,1.94,0.08,1.16,0.0,0.0,1.14,0.25,2.36,0.91
35,colegioecursoprogressao,1.31,0.83,1.35,1.8,2.17,0.43,0.37,2.0,0.0,0.0,0.0,0.0,4.58,1.21,2.2,0.22,2.0,0.83,0.25,0.37,0.0,0.0,1.09,0.5,0.5,0.5
36,colegioeducallis,0.92,0.98,4.35,0.79,7.69,0.0,0.12,2.94,0.0,0.17,0.0,0.0,1.82,0.0,2.23,2.31,0.0,1.17,0.0,1.12,0.0,0.0,0.85,0.05,0.03,0.0
37,colegioensitec,1.05,1.3,0.82,0.4,1.92,2.57,0.16,6.44,1.5,0.0,0.0,0.0,2.05,2.07,1.1,1.67,0.25,5.83,0.25,0.83,0.0,0.0,1.08,2.75,0.83,1.5
38,colegioflamingo,1.13,0.9,1.82,1.8,8.33,3.71,0.21,0.56,0.0,0.0,0.0,0.0,3.95,2.07,3.4,4.33,6.75,3.5,0.0,0.84,0.0,0.0,0.85,0.0,1.0,0.0
39,colegiofuturageracao,1.11,0.88,3.65,0.1,6.08,0.14,0.32,2.78,0.0,0.25,0.0,0.0,4.47,0.07,3.9,8.56,0.0,2.0,0.0,0.99,0.0,0.0,1.09,0.25,0.67,0.5
40,colegioglobal,0.0,0.0,0.0,0.0,5.17,0.0,0.0,1.33,0.0,0.0,0.0,1.5,4.11,0.0,1.0,1.33,0.5,3.5,0.0,1.0,0.0,0.0,1.09,0.0,0.0,0.0
41,colegioguilhermedealmeida,1.14,1.02,2.57,1.11,0.23,5.88,2.12,0.18,5.0,2.5,0.0,0.0,0.39,6.67,0.67,2.35,2.45,4.17,0.0,0.96,3.6,0.0,1.13,0.29,2.7,2.54
42,colegioiguatemy,1.07,1.03,2.52,0.67,1.09,1.47,0.92,1.82,4.6,5.62,0.0,0.0,2.1,2.58,1.95,4.05,3.08,1.44,5.85,0.85,5.6,25.0,1.01,6.25,4.55,0.18
43,colegiointegral,1.02,1.61,1.07,0.89,1.39,3.44,0.11,3.45,2.4,14.29,0.0,0.0,2.08,5.88,3.23,0.88,5.56,1.43,4.42,0.96,10.0,0.0,0.0,3.77,3.36,3.64
44,colegiojoaopaulo,1.14,1.07,1.03,0.12,1.26,0.73,0.69,0.27,0.2,0.25,0.0,0.0,1.42,0.83,1.67,1.45,0.23,1.69,3.54,0.49,2.2,3.0,0.87,1.75,1.14,2.82
45,colegiomagnum,0.0,0.0,0.0,0.0,0.04,0.0,0.08,0.0,0.0,0.0,0.0,0.0,0.16,0.0,0.13,0.0,0.23,0.0,0.0,1.11,0.0,0.0,1.07,0.0,0.0,0.0
46,colegiomartinus,0.0,0.0,0.0,0.0,0.0,0.0,0.0,0.0,0.0,0.0,0.0,0.0,0.0,0.0,0.0,0.0,0.0,0.0,0.0,0.0,0.0,0.0,0.0,0.0,0.0,0.0
47,colegionovopatio,0.0,0.0,0.0,0.0,0.0,0.0,0.0,0.28,0.0,0.0,0.0,0.0,0.11,0.0,0.18,0.0,1.13,0.0,0.0,1.16,0.0,0.0,1.04,0.0,0.0,0.0
48,colegioplanck,1.4,1.16,0.0,0.0,0.08,0.0,0.0,2.71,0.0,1.92,3.19,0.0,0.61,0.0,0.91,0.46,0.0,0.0,0.0,1.12,0.1,0.0,0.86,0.19,0.16,0.0
49,colegiopremium,1.26,0.87,1.76,0.2,2.25,0.43,0.26,4.56,0.0,0.0,0.0,0.0,0.63,0.14,3.0,0.78,0.0,1.5,0.0,1.02,0.0,0.0,1.09,0.0,0.17,0.0
50,colegiopremiumgentil,1.03,1.12,0.0,0.0,0.0,0.0,0.0,0.0,0.0,0.25,0.0,0.0,0.0,0.0,0.0,0.0,0.0,0.0,0.0,1.11,0.0,0.0,1.09,0.0,0.0,0.0
51,colegiosaberviver,0.0,0.0,0.0,0.0,0.0,0.0,0.0,0.0,0.0,0.0,0.0,0.0,0.0,0.0,0.0,0.0,0.0,0.0,0.0,0.0,0.0,0.0,0.0,0.0,0.0,0.0
52,colegiosantamaria,2.54,2.54,2.0,3.75,6.67,7.89,1.6,0.0,0.0,0.0,0.0,0.0,4.89,5.0,1.8,0.17,12.5,0.0,4.83,1.47,0.0,0.0,2.94,1.57,0.0,0.0
53,colegiosete,1.0,1.11,0.96,5.26,0.85,1.76,0.75,0.47,1.55,0.33,0.0,0.0,1.79,2.53,1.77,0.54,2.32,0.88,0.0,1.0,0.0,0.71,0.95,0.57,1.35,1.08
54,colegiouirapuru,1.05,1.16,1.87,3.61,2.17,1.36,0.22,0.03,0.0,0.0,0.0,0.0,0.41,1.06,0.48,0.25,0.94,0.96,0.0,1.08,0.0,0.0,1.37,0.0,0.43,0.0
55,colegiouniverso,0.94,1.75,0.04,0.21,0.38,0.24,0.0,1.62,4.4,0.0,0.0,0.0,0.53,0.2,0.74,0.15,0.23,0.08,0.0,1.12,0.0,0.0,0.98,0.05,0.57,2.31
56,colegioup,0.0,0.0,0.0,0.0,0.05,0.0,0.0,0.17,0.0,0.0,0.0,0.0,0.56,0.0,2.29,2.05,0.07,0.26,0.0,1.15,0.0,0.0,1.12,0.0,0.0,12.5
57,conexaosaber,0.9,0.85,5.71,0.0,1.0,0.0,0.0,0.11,0.0,0.0,0.0,0.0,0.21,0.0,0.7,2.11,0.0,0.5,0.25,1.1,0.0,0.0,1.09,0.5,0.42,2.5
58,contemporaneocidadeverde,0.0,0.0,0.0,0.0,0.65,0.0,0.0,0.64,0.0,0.0,0.0,0.0,0.81,0.0,0.74,0.0,0.23,0.0,0.0,0.8,0.0,0.0,1.14,0.0,0.0,0.0
59,contemporaneolagoanova,0.0,0.0,0.0,0.0,0.46,0.0,0.0,0.65,0.0,0.0,0.0,0.0,1.16,0.0,0.49,0.0,1.41,0.0,0.0,1.04,0.0,0.0,1.18,0.0,0.0,0.0
60,crb,0.0,0.0,0.0,0.0,0.0,0.0,0.0,2.78,0.0,0.0,0.0,0.0,3.03,0.0,1.52,3.03,0.0,0.0,0.0,1.49,3.03,0.0,0.0,0.0,0.0,3.03
61,crescercampinas,0.0,0.0,0.0,0.0,1.0,0.0,0.0,2.03,0.0,0.0,0.0,0.0,2.08,0.0,1.42,2.78,0.92,2.06,0.0,1.36,5.88,0.0,0.0,0.0,0.0,0.74
62,cursobase,1.56,0.83,0.0,0.8,0.0,0.14,0.0,0.56,0.5,0.25,0.0,0.0,0.11,0.29,0.3,0.11,0.0,1.0,0.0,1.11,0.0,0.0,1.09,0.0,0.08,0.0
63,cursoenfase,1.61,0.85,0.0,0.1,0.0,0.14,0.05,0.33,0.0,0.0,0.0,0.0,0.16,0.29,0.4,0.0,0.0,0.0,0.0,1.11,0.0,0.0,1.04,0.0,0.17,0.0
64,cursoisfera,1.58,0.83,0.0,0.2,0.17,0.14,0.0,1.89,0.0,1.0,0.0,0.0,1.16,0.07,4.6,0.44,0.25,0.17,0.0,1.11,0.5,0.0,0.42,0.0,0.0,0.0
65,cursoleopoldo,1.11,1.37,0.0,0.0,0.0,0.0,0.0,0.11,0.0,0.0,2.0,1.5,0.21,0.0,0.1,0.0,0.0,0.0,0.0,1.11,0.0,0.0,1.09,0.0,0.08,0.0
66,cursosazambuja,0.91,1.47,0.61,0.58,0.09,0.13,0.15,0.45,0.2,0.38,0.0,0.0,0.42,0.67,0.92,0.05,0.54,0.0,0.08,1.25,20.0,0.75,0.93,0.25,0.32,0.0
67,deltaeducacional,0.0,0.0,0.0,0.0,4.55,0.0,0.0,5.56,0.0,0.0,0.0,0.0,2.03,0.0,0.0,0.0,0.0,0.0,0.0,0.47,0.0,0.0,1.12,0.0,0.0,0.0
68,dommga,0.0,0.0,0.0,0.0,0.0,0.0,0.0,0.0,0.0,0.0,0.0,0.0,0.72,0.0,0.0,0.0,0.0,0.0,0.0,1.16,0.0,0.0,1.12,0.0,0.0,0.0
69,domus,0.0,0.0,0.0,0.0,0.0,0.0,0.0,0.0,0.0,0.0,0.0,0.0,0.19,0.0,0.0,0.0,0.0,0.0,0.0,1.16,0.0,0.0,1.07,0.0,0.0,0.0
70,eacorcovado,1.09,1.03,2.1,0.79,0.04,2.6,0.92,0.0,2.4,0.12,0.0,0.0,0.03,2.67,0.36,0.86,0.54,0.81,0.0,1.19,1.8,0.0,1.1,0.06,0.23,0.45
71,eccos,1.4,0.9,0.76,0.6,1.58,3.86,0.58,0.67,3.5,0.25,1.0,1.5,2.58,3.29,1.2,4.11,0.0,5.67,23.25,0.97,19.0,18.75,1.04,25.0,8.33,1.0
72,educandarioterciocorreia,0.0,0.0,0.0,0.0,4.45,0.0,0.0,0.78,0.0,0.0,0.0,0.0,2.78,0.0,2.29,3.25,2.27,5.26,0.0,1.16,12.5,0.0,1.12,0.0,0.0,0.0
73,educarse,1.03,1.27,0.0,1.0,0.25,1.14,1.16,2.22,0.0,0.0,0.0,0.0,0.47,0.5,2.1,0.11,0.0,0.33,0.0,1.11,0.0,0.0,1.09,0.0,0.42,0.0
74,einsteinassis,0.92,1.35,0.41,2.0,0.33,14.29,2.95,0.0,50.0,25.0,0.0,4.0,0.26,7.0,4.1,11.11,6.0,1.0,0.0,1.11,1.5,0.0,0.93,0.25,0.5,0.5
75,elitecuritiba,1.43,0.9,0.0,0.0,0.0,0.0,0.0,0.0,0.0,0.0,0.0,0.0,0.0,0.0,0.0,0.0,0.0,0.0,0.0,1.25,0.0,0.0,1.16,0.0,0.27,0.0
76,elitecuritibaemilianoperneta,1.44,0.83,0.12,1.3,1.5,0.71,0.21,3.67,1.0,0.5,1.0,2.5,5.21,1.57,1.7,4.22,1.5,1.67,0.0,0.89,0.0,0.0,0.58,0.0,0.08,0.0
77,escolaceciliameireles,0.84,0.88,5.88,0.0,0.83,0.0,0.0,0.78,0.5,0.0,0.0,0.0,0.79,0.07,1.2,3.0,0.0,0.0,0.0,1.11,0.5,0.0,1.09,0.0,0.08,0.0
78,escolamaster,1.06,1.03,0.0,4.7,0.25,0.29,0.11,0.22,0.0,0.0,0.0,0.0,0.26,0.07,0.4,0.22,1.0,0.0,0.0,1.06,0.0,0.0,1.0,0.0,0.0,0.0
79,escolavida,0.0,0.0,0.0,0.0,0.0,0.0,0.0,0.0,0.0,0.0,0.0,0.0,0.0,0.0,0.0,0.0,0.0,0.0,0.0,0.0,0.0,0.0,0.0,0.0,0.0,0.0
80,faculdadeflamingo,1.43,1.19,0.53,0.78,0.33,0.92,1.78,0.03,0.3,0.14,0.0,0.0,0.19,1.18,0.39,0.31,0.0,0.25,0.67,0.36,0.2,0.0,1.15,1.08,1.36,0.43
81,forumcultural,2.46,2.58,0.5,4.17,0.0,0.0,0.0,0.0,0.0,0.0,0.0,0.0,0.0,0.0,0.0,0.0,0.0,0.0,2.33,0.0,0.0,11.11,0.0,0.0,0.0,0.0
82,francobrasileiro,0.0,0.0,0.0,0.0,0.0,1.57,0.16,0.11,0.0,0.25,8.0,5.5,0.05,2.5,0.5,0.0,0.25,0.0,0.0,1.02,0.0,0.0,1.09,0.25,0.0,0.0
83,fundacaobradesco,0.0,0.0,0.0,0.0,0.0,0.0,0.0,0.0,0.0,0.0,0.0,0.0,0.0,0.0,0.0,0.0,0.0,0.0,0.0,0.0,0.0,0.0,0.0,0.0,0.0,0.0
84,idaam,0.0,0.0,0.0,0.0,0.0,0.0,0.0,0.17,0.0,0.0,0.0,0.0,0.16,0.0,0.16,0.0,0.0,0.0,0.0,1.2,0.0,0.0,0.99,0.0,0.0,0.0
85,insa,1.18,1.17,0.41,1.1,0.25,0.57,0.26,0.44,0.0,1.25,0.0,2.5,0.21,1.86,1.6,0.0,8.25,0.5,0.0,1.11,0.0,0.0,1.02,0.0,2.58,0.0
86,institutocristao,0.0,0.0,0.0,0.0,0.91,0.0,0.0,2.06,0.0,0.0,0.0,0.0,0.89,0.0,2.13,5.0,6.67,0.0,0.0,1.16,0.0,0.0,1.12,0.0,0.0,0.0
87,institutoeurofarma,1.24,1.07,0.0,2.0,0.08,0.0,0.0,1.78,3.5,0.0,2.0,2.5,0.68,1.36,0.2,0.0,0.25,0.0,0.25,1.11,21.5,6.25,1.01,0.25,1.25,0.0
88,integra,1.06,1.13,1.82,0.1,4.17,0.57,1.21,1.33,0.0,1.0,0.0,0.0,1.32,0.5,0.9,2.44,0.0,16.67,25.0,1.11,9.5,25.0,0.97,14.25,4.5,50.0
89,integradaeducativa,1.13,1.05,0.61,1.92,1.87,0.4,1.08,2.09,0.2,1.0,0.0,0.0,1.71,0.75,0.46,1.23,1.46,0.44,0.08,0.62,0.0,0.0,1.16,0.25,0.45,0.55
90,invictus,0.87,1.32,2.12,0.2,6.25,0.86,1.79,11.11,0.0,6.0,0.0,0.0,5.26,1.36,10.0,6.89,15.25,3.33,0.0,1.11,1.75,0.0,1.07,0.0,1.67,0.5
91,isem,1.26,0.98,1.13,0.12,0.83,0.07,0.31,0.91,0.0,3.75,0.0,0.0,1.55,0.08,0.44,1.05,0.0,1.56,0.92,1.16,0.0,0.0,1.07,0.56,0.82,0.09
92,itamarati,1.26,0.95,1.58,0.0,0.09,0.0,0.23,0.0,0.0,0.25,0.0,0.0,0.1,0.0,0.03,0.05,0.0,0.56,0.62,1.22,0.2,0.0,1.16,0.56,0.36,0.27
93,jardimsaopaulo,1.18,1.0,0.12,3.5,2.08,3.29,3.63,0.0,0.0,0.0,0.0,0.0,2.05,0.0,0.4,0.22,0.0,0.0,0.0,0.89,0.0,0.0,1.09,0.0,0.0,0.0
94,laboratoriosromildo,0.82,1.67,0.0,0.0,0.83,0.0,0.0,0.44,0.0,0.0,0.0,0.0,0.11,0.07,0.1,0.0,0.0,0.0,0.0,1.11,0.0,0.0,1.09,0.0,0.42,0.0
95,litteratus,0.0,0.0,0.0,0.0,2.08,0.0,1.16,1.56,4.5,2.0,0.0,0.0,0.21,0.71,5.1,1.67,0.0,0.0,0.0,1.11,0.0,0.0,1.09,0.0,0.0,0.0
96,macvest,1.35,0.92,0.06,1.5,0.17,1.14,1.0,1.89,4.0,23.5,0.0,0.0,0.42,0.93,1.5,0.22,1.0,1.0,0.0,1.04,0.0,6.25,0.7,0.25,4.0,0.0
97,magister,0.0,0.0,0.0,0.0,0.59,0.0,0.0,0.11,0.0,0.0,12.5,0.0,1.11,0.0,0.5,0.6,0.0,3.84,0.0,1.16,0.0,0.0,1.12,0.0,0.0,0.0
98,maplebearslz,0.0,0.0,0.0,0.0,3.57,0.0,0.0,2.56,0.0,0.0,0.0,3.03,1.63,0.0,2.5,1.47,0.17,1.72,0.0,0.75,0.0,0.0,0.35,0.0,0.0,0.0
99,mariliamattoso,1.17,1.03,1.48,0.12,2.13,0.4,0.54,0.18,0.0,0.25,0.0,0.0,3.0,0.25,1.28,2.68,2.15,6.25,0.69,0.91,0.0,0.5,1.1,0.69,0.91,0.09
100,master,1.2,1.0,0.0,5.56,0.06,0.0,0.0,1.55,0.0,0.0,7.69,0.0,0.81,0.0,1.71,0.0,0.33,0.0,0.0,1.2,0.0,0.0,0.64,0.0,0.0,0.0
101,montessori,0.0,0.0,0.0,0.0,0.0,0.0,0.0,0.06,0.0,0.0,0.0,0.0,0.31,0.0,0.0,0.0,0.0,0.0,0.0,1.16,0.0,0.0,0.98,0.0,0.0,0.0
102,motiva,0.0,0.0,0.0,0.0,0.0,0.0,0.0,0.0,0.0,0.0,0.0,0.0,0.0,0.0,0.0,0.0,0.75,0.0,0.0,0.0,0.0,0.0,0.0,0.0,0.0,0.0
103,novotempo,0.98,1.28,0.96,3.63,0.0,0.0,0.0,0.21,0.0,0.0,1.57,0.0,0.13,0.0,0.0,0.0,0.05,0.0,0.0,1.12,0.1,1.43,1.18,0.0,0.0,0.0
104,nucleocriativo,0.82,1.53,0.88,0.2,0.58,0.14,0.0,0.22,1.5,0.5,0.0,0.0,0.42,0.86,0.9,0.44,0.0,0.0,0.0,1.1,1.75,0.0,1.09,1.25,0.5,0.0
105,objetivolorena,1.11,1.07,1.74,0.67,3.0,0.87,0.92,3.36,0.0,0.12,0.0,0.0,0.71,0.5,1.95,0.41,0.62,0.75,2.31,0.96,0.0,0.0,0.99,1.75,1.86,0.91
106,objetivoteresina,0.0,0.0,0.0,0.0,0.0,0.0,0.0,0.0,0.0,0.0,0.0,0.0,0.0,0.0,0.0,0.0,0.0,0.0,0.0,0.0,0.0,0.0,0.0,0.0,0.0,0.0
107,oficinadoestudante,0.0,0.0,0.0,0.0,0.0,0.0,0.0,0.07,0.0,0.0,0.0,0.0,0.16,0.0,0.0,0.0,0.5,0.0,0.0,1.2,0.0,0.0,1.37,0.0,0.07,0.0
108,overabelcabral,0.87,1.48,0.97,0.21,1.04,0.33,1.31,0.45,0.0,0.12,0.0,0.0,1.52,0.42,1.95,0.23,0.38,0.44,1.85,1.19,0.0,2.75,1.14,1.75,1.09,1.18
109,overjoaopessoa,0.94,1.5,0.18,0.1,0.67,0.14,0.0,1.22,0.0,0.25,0.0,0.0,1.21,0.07,3.7,0.11,0.75,0.0,0.0,1.11,0.0,0.0,1.04,0.0,0.0,0.0
110,overlimaesilva,0.97,1.23,2.18,0.0,2.17,0.0,0.21,1.0,0.0,0.0,0.0,0.0,2.37,0.0,1.4,0.0,0.0,0.33,0.0,1.04,0.0,0.0,1.09,0.25,0.33,0.0
111,overmarciliofurtado,0.92,1.5,0.24,0.1,0.58,0.14,0.05,1.0,0.0,0.25,0.0,0.0,2.68,0.64,1.8,0.11,0.25,0.17,0.0,0.99,0.0,0.0,1.07,0.5,0.5,0.5
112,overmossoro,0.97,1.37,0.88,0.1,1.33,0.14,0.11,0.56,0.0,0.0,0.0,0.0,1.74,0.21,2.0,0.22,0.25,0.33,0.0,1.03,0.0,0.0,1.07,0.5,0.25,0.5
113,overnascimentodecastro,0.87,1.6,0.0,0.12,0.0,0.0,0.08,0.0,0.0,0.12,0.0,0.0,0.1,0.0,0.0,0.0,0.15,0.0,0.0,1.25,0.0,0.0,1.14,0.0,0.0,0.0
114,overpontanegra,0.92,1.45,0.76,0.1,1.0,0.14,0.11,1.0,0.0,0.25,0.0,1.5,2.16,0.36,2.2,0.22,0.25,0.33,0.0,1.09,0.0,0.0,1.08,1.0,0.92,0.0
115,overzonanorte,0.92,1.5,0.41,0.1,1.83,0.29,0.21,1.0,0.0,1.0,0.0,0.0,2.0,0.14,2.6,0.11,1.25,0.83,2.5,1.11,0.0,0.0,1.07,2.0,0.67,0.5
116,palmares,0.0,0.0,0.0,0.0,0.0,0.0,0.0,0.0,0.0,0.0,0.0,0.0,0.0,0.0,0.0,0.0,0.0,0.0,0.0,0.0,0.0,0.0,0.0,0.0,0.0,0.0
117,physicsalcindocacela,1.59,0.96,0.0,0.89,0.08,0.18,0.0,0.29,0.45,0.92,1.57,0.0,0.29,0.27,0.51,0.04,4.55,0.0,0.08,1.12,0.0,0.71,1.12,0.14,0.24,0.0
118,physicsalmirantebarroso,1.09,0.98,0.26,3.71,0.13,0.73,0.62,0.73,0.0,0.38,12.5,0.0,0.42,0.83,1.31,0.5,0.77,0.31,2.46,1.14,0.0,0.5,0.93,1.25,0.73,0.18
119,physicsaugustomontenegro,1.27,0.92,0.16,2.12,0.13,1.0,0.77,0.36,0.0,0.12,0.0,0.0,0.29,0.58,1.38,0.55,0.23,0.19,1.38,1.16,0.0,0.0,1.1,1.19,0.36,0.09
120,physicsbatistacampos,1.09,0.92,0.77,4.17,0.39,2.13,2.54,0.55,2.2,4.0,0.0,0.0,0.48,1.5,2.56,0.82,1.0,0.88,1.62,1.16,0.0,0.0,0.87,1.25,1.95,0.82
121,physicscidadenova,1.29,1.02,0.3,3.74,0.38,0.88,0.75,0.76,0.1,0.92,1.57,0.0,0.45,0.87,1.63,0.58,1.14,0.21,2.54,1.12,0.0,0.0,1.11,1.9,1.46,0.15
122,physicsconselheirofurtado,1.43,0.9,0.0,0.12,0.17,0.0,0.0,0.91,0.0,0.25,0.0,0.0,0.35,0.08,0.41,0.0,0.62,0.0,0.08,1.25,0.0,0.0,1.1,0.0,0.27,0.0
123,physicsmacapa,1.31,0.88,0.24,3.1,0.0,0.43,0.11,1.78,0.0,0.0,3.0,0.0,0.63,1.57,1.8,0.22,1.5,0.33,0.25,1.07,0.0,0.0,1.0,0.25,0.67,0.0
124,physicsumarizal,1.16,0.93,0.16,3.38,0.35,0.67,1.31,0.91,0.4,0.0,7.5,9.09,0.42,0.75,1.97,0.77,1.92,0.12,1.62,1.16,0.0,0.75,1.01,3.81,1.36,0.36
125,pioxi,0.97,1.42,1.96,0.11,0.62,0.06,0.0,0.82,0.1,8.33,0.0,9.09,2.05,0.13,1.6,0.65,0.73,2.08,1.62,1.12,0.2,0.0,1.19,1.29,1.27,0.31
126,pioxiicolegio,0.0,0.0,0.0,0.0,0.46,0.0,0.0,0.56,0.0,0.0,0.0,0.0,1.33,0.0,0.77,1.19,0.17,2.13,0.0,1.02,0.0,0.0,1.54,0.0,0.0,0.0
127,plannetataboao,0.0,0.0,0.0,0.0,3.03,0.0,0.0,0.0,0.0,0.0,0.0,0.0,0.0,0.0,0.0,0.0,0.0,0.0,0.0,0.0,0.0,0.0,1.61,0.0,0.0,0.0
128,poliedro,0.0,0.0,0.0,0.0,0.0,0.0,0.0,0.25,0.0,0.0,0.0,0.0,0.0,0.0,1.47,0.0,0.0,0.0,0.0,1.49,0.0,0.0,1.4,0.0,0.0,0.0
129,portinari,1.25,1.0,2.17,0.21,1.92,1.0,1.25,2.76,0.5,1.17,1.57,0.0,2.63,1.6,0.98,0.31,0.55,1.25,2.31,0.93,0.1,0.0,0.92,2.76,2.32,1.92
130,porto,1.09,1.0,0.16,3.71,2.43,2.4,0.15,0.18,0.0,1.25,5.0,9.09,1.77,3.33,0.97,1.91,0.62,2.19,0.08,0.8,0.0,0.0,1.14,0.06,1.0,0.09
131,portoseguro,0.0,0.0,0.0,0.0,0.0,0.0,0.0,0.15,0.0,0.0,0.0,0.0,0.0,0.0,0.02,0.0,0.0,0.0,0.0,1.3,0.0,0.0,1.43,0.0,0.0,0.0
132,primeirodemaio,1.31,0.93,0.12,0.8,0.0,0.29,0.16,0.44,0.0,0.0,0.0,0.0,0.21,0.21,0.2,0.0,0.5,0.0,0.0,1.09,0.0,0.0,1.09,0.0,0.0,0.0
133,prismapatrocinio,0.0,0.0,0.0,0.0,0.46,0.0,0.0,0.64,0.0,0.0,0.0,3.03,0.62,0.0,1.35,0.56,0.62,0.09,0.0,0.0,0.12,0.0,1.4,0.0,0.0,5.26
134,profederal,1.47,0.87,0.06,0.7,0.83,0.29,0.05,0.78,9.5,0.25,0.0,0.0,0.89,2.0,2.4,0.11,1.75,0.0,0.0,1.09,0.0,0.0,1.0,0.0,0.08,0.0
135,provaspoliedro,0.0,0.0,0.0,0.0,0.94,0.0,0.0,2.28,0.0,0.0,0.0,0.0,0.51,0.0,0.74,3.25,0.0,3.43,0.0,1.2,0.8,0.0,0.3,0.0,0.0,0.79
136,psantagema,1.11,0.83,1.24,4.5,2.0,6.43,1.47,0.22,1.0,0.0,0.0,2.5,1.47,7.14,3.0,7.67,2.0,3.17,0.0,0.7,0.0,0.0,1.05,0.0,0.25,0.5
137,sagradafamilia,1.06,1.02,0.0,4.7,0.25,0.43,0.0,0.22,0.0,0.0,0.0,0.0,0.16,0.36,0.4,0.22,0.25,0.0,0.0,1.11,0.0,0.0,1.0,0.0,0.0,0.0
138,santadoroteia,1.06,1.02,0.0,4.7,0.0,2.86,0.11,1.44,0.0,0.25,0.0,0.0,0.21,0.57,0.4,0.22,0.25,0.0,0.0,1.11,0.0,0.0,0.95,0.0,0.0,0.0
139,santoagostinho,1.03,1.07,0.0,4.6,0.0,0.0,0.0,0.56,0.0,2.0,100.0,0.0,0.0,0.0,0.0,0.0,0.0,0.0,0.0,1.11,0.0,0.0,1.09,0.0,0.0,0.0
140,santoamerico,1.03,1.08,1.03,1.0,1.13,4.67,1.54,0.0,0.4,1.0,5.0,9.09,0.84,1.25,1.0,1.45,1.0,2.5,0.08,0.82,0.0,0.0,1.14,0.81,0.68,9.09
141,santoantonio,0.0,0.0,0.0,0.0,0.0,0.0,0.0,0.0,0.0,0.0,0.0,0.0,0.0,0.0,0.0,0.0,0.0,0.0,0.0,1.11,0.0,0.0,1.09,0.0,0.0,0.0
142,sas,2.57,2.54,0.0,3.83,0.0,0.0,0.6,20.0,25.0,5.07,25.0,0.0,9.11,0.0,1.8,0.17,0.25,33.33,0.0,2.94,33.33,0.0,2.06,1.57,2.67,0.0
143,sasadapt,0.82,0.83,0.29,2.1,0.33,0.71,0.79,0.11,1.0,0.0,0.0,0.0,0.0,0.93,0.3,0.33,0.25,0.0,0.0,1.04,0.0,0.0,1.09,0.0,0.0,0.0
144,sasadaptem,2.54,2.58,0.0,4.17,16.67,11.11,6.8,4.2,3.5,6.67,0.0,0.0,6.11,8.8,1.8,12.67,3.62,0.0,0.0,2.94,0.0,0.0,2.94,0.0,0.0,0.0
145,saseducacao,1.08,1.03,0.0,4.4,0.0,0.0,0.0,0.0,0.0,0.0,0.0,0.0,0.0,0.0,0.0,0.0,0.0,0.0,0.0,1.11,0.0,0.0,1.09,0.0,0.0,0.0
146,serios,0.0,0.0,0.0,0.0,0.0,0.0,0.0,0.0,0.0,0.0,0.0,0.0,0.0,0.0,0.0,0.0,0.0,0.0,0.0,0.0,0.0,0.0,0.0,0.0,0.0,0.0
147,simbios,0.0,0.0,0.0,0.0,0.0,0.0,0.0,1.36,0.0,0.0,0.0,0.0,0.39,0.0,0.0,0.0,0.0,0.0,0.0,1.25,0.0,0.0,0.0,0.0,0.0,0.0
148,souhabilis,0.0,0.0,0.0,0.0,0.42,0.0,0.0,0.56,0.0,0.0,1.0,0.0,0.42,0.0,0.9,0.0,25.0,0.0,0.0,1.11,0.0,0.0,1.09,0.0,0.0,0.0
149,spdacruz,1.04,1.03,2.71,0.46,2.39,0.67,0.77,2.55,0.0,0.38,0.0,0.0,3.03,0.92,1.67,1.86,0.62,2.94,0.23,0.96,0.0,0.0,1.16,0.06,1.73,2.36
150,stellamarisaguaverde,1.16,1.03,1.94,0.2,0.92,0.71,0.26,0.22,0.0,0.25,0.0,1.5,1.63,0.57,0.7,1.67,0.0,1.67,6.0,1.06,0.25,6.25,1.03,8.25,2.5,3.5
151,stellamarisjuveve,1.38,1.11,0.78,0.53,1.92,3.71,0.12,0.76,0.4,0.58,4.76,9.09,1.87,2.93,1.56,3.38,1.09,2.21,3.38,1.0,0.0,0.71,1.18,3.67,2.43,1.15
152,stellamarisxaxim,1.24,0.93,0.71,1.58,1.87,2.8,0.85,0.55,0.0,0.0,0.0,0.0,0.94,1.33,1.54,3.05,0.62,1.69,0.23,1.14,0.0,0.0,1.14,0.56,1.82,1.64
153,universitariolondrina,1.13,1.55,0.73,0.72,2.5,2.84,1.0,0.79,2.0,0.0,7.69,0.0,2.7,2.24,1.23,0.62,1.83,3.14,1.33,0.0,1.9,0.29,1.19,1.62,0.86,0.29
154,universobarcarena,1.26,0.93,1.48,0.46,0.48,0.2,0.0,1.09,0.4,0.88,0.0,0.0,0.68,0.25,1.74,1.27,1.77,0.12,0.08,1.22,0.2,0.0,0.44,1.5,1.86,0.09
155,villalobos,1.38,1.0,0.35,2.21,1.08,2.94,0.38,1.85,4.65,0.75,0.0,0.0,2.55,2.4,1.86,3.85,2.73,1.38,7.69,1.07,3.3,14.29,1.14,4.76,2.59,0.54
156,abdiasmartins,1.15,1.1,0.76,0.9,0.0,1.14,1.32,0.0,0.0,0.0,0.0,0.0,0.0,1.5,0.3,0.44,0.0,0.0,0.0,1.04,0.0,0.0,1.09,0.75,0.5,0.5
157,abiliomartins,1.13,1.13,0.65,0.8,0.0,0.29,1.16,0.0,0.0,0.25,0.0,0.0,0.0,0.43,0.0,0.0,0.25,0.0,0.0,1.06,0.0,0.0,1.09,0.0,0.17,0.0
158,alfacembilingue,0.0,0.0,0.0,0.0,0.0,0.0,0.0,0.0,0.0,0.0,0.0,0.0,0.0,0.0,0.0,0.0,0.0,0.0,0.0,0.0,0.0,0.0,0.0,0.0,0.0,0.0
159,alpha,1.03,1.08,1.03,2.12,0.0,6.67,2.0,0.0,20.0,12.5,0.0,0.0,0.0,8.33,2.31,0.86,3.0,1.12,0.69,0.0,0.8,0.0,0.06,1.62,1.68,1.27
160,anossaatmosfera,0.84,1.25,0.65,3.0,0.0,0.0,0.0,0.0,1.0,0.25,0.0,0.0,0.0,2.43,1.6,0.0,0.0,0.0,0.0,1.11,0.0,6.25,1.09,0.0,0.0,0.0
161,antoniairene,0.98,1.37,0.82,0.0,0.0,0.0,1.16,0.0,0.0,0.0,0.0,0.0,0.0,0.0,0.0,0.0,0.0,0.0,3.25,1.06,0.0,0.0,1.09,1.75,1.08,0.0
162,antoniolima,0.82,1.23,3.18,0.0,0.0,0.0,3.63,0.0,0.0,1.25,0.0,0.0,0.0,0.0,0.0,0.0,0.0,3.83,3.75,1.07,0.25,0.0,1.09,1.25,2.08,11.0
163,antoniomelo,1.1,0.95,1.18,1.2,0.0,1.0,0.68,0.0,0.0,0.25,0.0,0.0,0.0,1.21,0.3,0.22,0.0,0.0,0.0,1.09,0.0,0.0,1.09,0.0,0.5,0.5
164,atmo,0.0,0.0,0.0,0.0,0.0,0.0,0.0,0.0,0.0,0.0,0.0,0.0,0.0,0.0,0.0,0.0,0.0,0.0,0.0,0.0,0.0,0.0,0.0,0.0,0.0,0.0
165,beityaacov,2.68,2.58,0.0,3.33,1.17,0.0,0.0,2.2,0.0,5.53,6.25,0.0,0.0,3.8,1.8,0.17,1.25,0.0,0.0,2.94,0.0,5.56,2.94,0.0,0.0,0.0
166,benjaminconstant,3.0,2.58,0.5,1.96,0.5,0.0,0.0,0.0,0.0,1.13,0.0,0.0,0.0,1.2,20.0,0.17,0.0,0.0,0.0,2.94,0.0,5.56,2.94,1.57,6.89,0.0
167,catarinense,0.0,0.0,0.0,0.0,0.0,0.0,0.0,0.0,0.0,0.0,0.0,0.0,0.0,0.0,0.0,0.0,0.0,0.0,0.0,0.0,0.0,0.0,0.0,0.0,0.0,0.0
168,charlesdarwin,0.0,0.0,0.0,0.0,0.0,0.0,0.0,0.0,0.0,0.0,0.0,0.0,0.0,0.0,0.0,0.0,0.0,0.0,0.0,0.0,0.0,0.0,0.0,0.0,0.0,0.0
169,cognitivo,2.86,2.54,1.0,2.88,0.0,0.0,2.0,0.2,0.0,1.13,0.0,0.0,0.0,0.0,1.8,0.17,2.25,0.0,0.0,2.94,0.0,0.0,2.94,1.57,2.33,0.0
170,colegiobianguloiv,2.0,4.17,0.0,0.0,0.0,0.0,0.0,0.0,0.0,0.0,0.0,0.0,0.0,0.0,0.0,0.0,0.0,0.0,0.0,0.0,0.0,0.0,0.0,0.0,0.0,0.0
171,colegioliceu,1.06,1.02,0.0,4.7,0.0,1.86,0.32,0.11,0.0,0.0,0.0,0.0,0.11,1.64,0.4,0.22,0.0,0.5,0.0,1.07,0.0,0.0,0.98,0.0,0.0,0.0
172,colegioprogresso,0.0,0.0,0.0,0.0,0.0,0.0,0.0,0.0,0.0,0.0,0.0,0.0,0.0,0.0,0.0,0.0,0.0,0.0,0.0,0.0,0.0,0.0,0.0,0.0,0.0,0.0
173,colegioriobranco,2.64,2.58,0.0,3.67,0.0,0.0,0.0,0.0,0.0,0.0,0.0,0.0,0.0,0.0,0.0,0.0,0.0,0.0,4.83,0.0,0.0,5.56,0.0,0.0,0.0,0.0
174,conradochaves,0.97,1.15,2.82,0.0,0.0,0.0,2.37,0.0,0.0,0.25,0.0,0.0,0.0,0.0,0.0,0.0,0.0,0.67,0.5,1.11,0.0,0.0,1.09,0.75,1.92,1.0
175,culturainglesa,0.0,0.0,0.0,0.0,0.0,0.0,0.0,0.0,0.0,0.0,0.0,0.0,0.0,0.0,0.0,0.0,0.0,0.0,0.0,0.0,0.0,0.0,0.0,0.0,0.0,0.0
176,dante,0.98,1.1,0.0,4.7,0.0,0.0,0.16,0.33,1.5,1.25,0.0,0.0,0.0,0.14,0.4,0.22,2.75,0.0,0.0,1.11,0.0,6.25,1.09,0.25,0.0,0.0
177,darwin,0.0,0.0,0.0,0.0,0.0,0.0,0.0,0.0,0.0,0.0,0.0,0.0,0.0,0.0,0.0,0.0,0.0,0.0,0.0,0.0,0.0,0.0,0.0,0.0,0.0,0.0
178,educamais,2.39,2.5,11.0,1.96,0.0,7.0,20.0,0.0,1.5,5.2,0.0,0.0,0.0,0.0,1.8,16.67,2.25,0.0,16.67,2.94,0.0,0.0,2.94,14.29,3.11,33.33
179,eldapereira,0.84,1.23,3.0,0.1,0.0,0.0,5.11,0.0,0.0,0.0,0.0,0.0,0.0,0.07,0.1,0.0,0.0,0.33,0.25,0.86,0.0,0.0,1.09,0.25,0.33,1.5
180,equipe,0.0,0.0,0.0,0.0,0.0,0.0,0.0,3.0,0.0,0.0,5.0,0.0,0.0,0.0,0.2,0.17,12.25,0.0,0.0,2.94,0.0,0.0,2.94,0.0,0.0,0.0
181,escoladofuturo,1.02,1.03,0.06,5.0,0.0,0.0,0.0,0.0,0.0,0.0,0.0,0.0,0.0,0.0,0.0,0.0,0.0,0.0,0.0,0.0,0.0,0.0,0.0,0.0,0.0,0.0
182,escolainternacional,0.0,0.0,0.0,0.0,0.0,0.0,0.0,0.0,0.0,0.0,0.0,0.0,0.0,0.0,0.0,0.0,0.0,0.0,0.0,0.0,0.0,0.0,0.0,0.0,0.0,0.0
183,escolajardimdasnacoes,0.0,0.0,0.0,0.0,0.0,0.0,0.0,0.0,0.0,0.0,0.0,0.0,0.0,0.0,0.0,0.0,0.0,0.0,0.0,0.0,0.0,0.0,0.0,0.0,0.0,0.0
184,franciscoperes,0.82,1.43,1.76,0.0,0.0,0.0,4.05,0.0,0.0,0.0,0.0,0.0,0.0,0.0,0.0,0.0,0.0,0.0,0.0,1.11,0.0,0.0,1.09,0.25,3.33,0.0
185,galois,0.0,0.0,0.0,0.0,0.0,0.0,0.0,0.0,0.0,0.0,0.0,0.0,0.0,0.0,0.0,0.0,0.0,0.0,0.0,0.0,0.0,0.0,0.0,0.0,0.0,0.0
186,gamt,1.15,0.93,3.06,0.1,0.0,0.29,0.53,0.0,0.0,1.75,0.0,0.0,0.0,0.29,0.0,0.0,0.0,1.17,0.0,1.11,25.0,0.0,1.09,0.25,1.08,4.0
187,guilhermefilho,0.89,1.27,1.29,0.1,0.0,0.0,0.26,0.0,0.0,0.0,0.0,0.0,0.0,0.0,0.0,0.0,0.0,0.0,0.5,1.11,0.0,0.0,1.09,0.25,0.42,0.0
188,idb,0.0,0.0,0.0,0.0,0.0,0.0,0.0,0.0,0.0,0.0,0.0,0.0,0.0,0.0,0.0,0.0,0.0,0.0,0.0,2.94,0.0,0.0,2.94,0.0,0.0,0.0
189,ipdhsolucoes,1.03,1.27,0.0,0.0,0.0,0.12,0.0,0.0,0.35,0.0,0.0,0.0,0.0,0.06,0.0,0.0,0.0,0.0,0.0,1.2,0.0,0.0,1.37,0.08,0.07,0.14
190,iracemarufino,0.82,1.65,0.06,0.0,0.58,0.0,3.42,0.0,0.0,0.0,0.0,0.0,0.21,0.0,0.0,0.0,0.0,0.0,1.0,1.11,0.0,0.0,1.09,0.0,0.17,1.0
191,ismart,2.86,2.54,0.0,2.96,8.83,0.33,0.4,1.6,1.25,2.07,1.75,0.0,11.11,5.6,1.8,0.17,0.0,0.0,4.83,2.94,0.0,0.0,2.59,8.0,11.11,0.0
192,jeanpiaget,0.0,0.0,0.0,0.0,0.0,0.0,0.0,0.0,0.0,0.0,0.0,0.0,0.0,0.0,0.0,0.0,0.0,0.0,0.0,0.0,0.0,0.0,0.0,0.0,0.0,0.0
193,joaobelem,1.06,1.17,1.71,0.0,0.0,0.0,2.32,0.0,0.0,1.25,0.0,0.0,0.0,0.0,0.0,0.0,0.0,0.0,0.25,1.07,0.0,0.0,1.09,1.75,1.58,0.0
194,joaorosa,1.03,1.0,1.47,1.1,0.0,0.29,0.68,0.0,0.0,0.25,0.0,0.0,0.0,0.29,0.0,0.11,0.0,0.0,0.0,1.11,0.0,0.0,1.09,0.0,0.58,0.0
195,joaosampaio,1.13,1.15,1.53,0.0,0.0,0.0,3.68,0.0,0.0,0.0,0.0,0.0,0.0,0.0,0.0,0.0,0.0,0.33,0.0,0.99,0.0,0.0,1.09,0.75,2.08,0.5
196,liessin,1.32,0.87,0.0,0.4,0.0,0.71,0.16,0.0,0.5,2.0,0.0,50.0,0.0,0.71,0.9,0.0,0.0,0.0,1.0,1.11,0.0,0.0,1.09,0.0,0.25,0.0
197,liessinbarra,3.57,2.08,1.5,0.0,0.17,6.78,1.8,0.0,1.5,5.0,0.0,33.33,3.33,10.0,0.0,0.0,0.0,0.0,0.0,2.94,0.0,0.0,2.94,0.0,7.67,0.0
198,luizgonzaga,0.84,1.23,1.41,0.0,0.0,0.0,1.16,0.0,0.0,1.5,0.0,0.0,0.0,0.0,0.0,0.0,0.0,0.0,0.0,1.11,0.0,0.0,1.09,0.0,0.0,0.0
199,mariaeunice,0.98,1.03,3.47,0.0,0.0,0.0,4.05,0.0,0.0,0.0,0.0,0.0,0.0,0.0,0.0,0.0,0.0,0.17,0.0,1.06,0.0,0.0,1.09,0.25,2.92,0.0
200,marialaura,0.82,1.33,2.12,0.0,0.0,0.0,3.32,0.0,0.0,0.25,0.0,0.0,0.0,0.0,0.0,0.0,0.0,0.33,1.25,1.08,0.0,6.25,1.09,0.25,1.5,2.0
201,marianair,0.98,1.17,2.24,0.0,0.0,0.0,4.95,0.0,0.0,0.0,0.0,0.0,0.0,0.0,0.0,0.0,0.0,0.0,0.75,1.07,0.0,0.0,1.09,0.75,7.08,0.0
202,mariaolinda,0.87,1.32,1.71,0.0,0.0,0.0,4.53,0.0,0.0,1.25,0.0,0.0,0.0,0.0,0.0,0.0,0.0,0.83,2.5,1.03,0.0,0.0,1.09,0.5,0.75,1.0
203,moaciralves,1.0,1.17,0.94,0.8,0.17,2.71,3.47,0.0,1.0,0.25,0.0,0.0,0.05,3.0,0.5,0.89,0.25,0.33,0.75,1.11,0.0,0.0,1.07,1.25,1.42,0.0
204,monsenhorfrancisco,1.29,1.08,0.76,0.2,0.0,0.0,0.0,0.0,0.0,0.0,0.0,0.0,0.0,0.0,0.0,0.0,0.0,0.0,0.0,0.0,0.0,0.0,0.0,0.0,0.0,0.0
205,monsenhorgoncalo,0.98,1.58,0.87,0.11,0.08,0.06,12.5,0.0,0.0,0.0,0.0,0.0,0.03,0.0,0.14,0.12,0.0,0.0,0.0,1.04,0.0,0.0,1.19,0.05,0.41,0.0
206,murilorocha,1.01,1.12,1.74,0.46,0.09,0.6,7.69,0.0,0.2,1.0,0.0,0.0,0.03,0.58,0.1,0.18,0.69,0.31,1.54,1.08,0.0,0.5,1.16,2.94,2.82,0.36
207,navegasas,2.46,2.67,16.67,1.0,0.5,0.0,0.4,0.0,0.0,2.8,0.0,0.0,0.0,1.2,3.0,2.17,1.38,0.0,0.0,2.94,0.0,5.56,2.94,6.29,0.0,0.0
208,nsfatima,0.97,1.27,1.82,0.0,0.0,0.0,3.68,0.0,0.0,0.0,0.0,0.0,0.0,0.0,0.0,0.0,0.0,0.83,0.25,1.11,0.0,0.0,1.09,0.75,0.5,1.5
209,pesenglish,1.44,0.83,1.12,0.0,0.0,0.0,0.0,0.0,0.0,0.5,0.0,0.0,0.0,0.0,0.0,0.0,0.0,0.0,0.0,1.11,0.0,0.0,1.09,0.0,0.0,0.0
210,portalsas,0.0,0.0,0.0,0.0,0.0,0.0,0.0,0.0,0.0,0.0,0.0,0.0,0.0,0.0,0.0,0.0,0.0,0.0,0.0,0.0,0.0,0.0,0.0,0.0,0.0,0.0
211,sasadaptfund,1.29,1.03,0.0,1.9,0.0,0.29,0.05,0.0,0.0,0.0,0.0,0.0,0.0,0.14,2.5,0.0,0.0,0.0,0.0,1.11,0.0,0.0,1.09,0.0,0.17,0.0
212,senhorbonfim,1.03,1.27,0.82,0.3,0.08,2.0,5.26,0.0,0.0,2.75,0.0,0.0,0.0,1.79,0.2,0.44,0.0,0.33,1.75,1.11,0.0,0.0,1.05,2.5,3.83,0.0
213,tiquinhodegente,0.0,0.0,0.0,0.0,0.0,0.0,0.0,0.0,0.0,0.0,0.0,0.0,0.0,0.0,0.0,0.0,0.0,0.0,0.0,1.11,0.0,0.0,1.09,0.0,0.0,0.0
214,valdemiracoelho,0.96,1.13,1.39,0.33,0.0,0.2,6.85,0.0,0.2,0.25,0.0,0.0,0.0,0.58,0.18,0.23,0.15,0.0,0.08,0.96,0.0,0.0,1.16,0.25,0.77,0.0
215,visaorecife,0.0,0.0,0.0,0.0,0.0,0.0,0.0,0.0,0.0,0.0,0.0,0.0,0.0,0.0,0.0,0.0,0.0,0.0,0.0,0.0,0.0,0.0,0.0,0.0,0.0,0.0
216,acessoemilianoperneta,0.0,0.0,0.0,0.0,0.0,0.0,0.0,0.0,0.0,0.0,0.0,0.0,0.0,0.0,0.0,0.0,0.0,0.0,0.0,0.0,0.0,0.0,0.0,0.0,0.0,0.0
217,albertocabral,0.0,0.0,0.0,0.0,0.0,0.0,0.0,0.0,0.0,0.0,0.0,0.0,0.0,0.0,0.0,0.0,0.0,0.0,0.0,0.0,0.0,0.0,0.0,0.0,0.0,0.0
218,amais,1.42,2.63,0.0,0.0,0.0,0.0,0.0,0.0,0.0,0.0,0.0,0.0,0.0,0.0,0.0,0.0,0.0,0.0,0.0,0.0,0.0,0.0,0.0,0.0,0.0,0.0
219,antoniocesar,0.0,0.0,0.0,0.0,0.0,0.0,0.0,0.0,0.0,0.0,0.0,0.0,0.0,0.0,0.0,0.0,0.0,0.0,0.0,0.0,0.0,0.0,0.0,0.0,0.0,0.0
220,antonioportela,0.0,0.0,0.0,0.0,0.0,0.0,0.0,0.0,0.0,0.0,0.0,0.0,0.0,0.0,0.0,0.0,0.0,0.0,0.0,0.0,0.0,0.0,0.0,0.0,0.0,0.0
221,apogeu,25.0,12.5,0.0,34.0,0.0,0.0,0.0,0.0,0.0,0.0,0.0,0.0,0.0,0.0,0.0,0.0,0.0,0.0,0.0,0.0,0.0,0.0,0.0,0.0,0.0,0.0
222,arlindocavalcanti,0.0,0.0,0.0,0.0,0.0,0.0,0.0,0.0,0.0,0.0,0.0,0.0,0.0,0.0,0.0,0.0,0.0,0.0,0.0,0.0,0.0,0.0,0.0,0.0,0.0,0.0
223,arturtavares,1.52,1.58,3.16,6.67,0.0,0.0,0.0,0.0,0.0,0.0,0.0,0.0,0.0,0.0,0.0,0.0,0.0,0.0,0.0,0.0,0.0,0.0,0.0,0.0,0.0,0.0
224,babycamp,0.0,0.0,0.0,0.0,0.0,0.0,0.0,0.0,0.0,0.0,0.0,0.0,0.0,0.0,0.0,0.0,0.0,0.0,0.0,0.0,0.0,0.0,0.0,0.0,0.0,0.0
225,babyhouse,0.0,0.0,0.0,0.0,0.0,0.0,0.0,0.0,0.0,0.0,0.0,0.0,0.0,0.0,0.0,0.0,0.0,0.0,0.0,0.0,0.0,0.0,0.0,0.0,0.0,0.0
226,barraazul,3.45,3.33,2.0,4.67,0.0,0.0,0.0,0.0,0.0,0.0,0.0,0.0,0.0,0.0,0.0,0.0,0.0,0.0,0.0,0.0,0.0,0.0,0.0,0.0,0.0,0.0
227,benjamitacardona,0.0,0.0,0.0,0.0,0.0,0.0,0.0,0.0,0.0,0.0,0.0,0.0,0.0,0.0,0.0,0.0,0.0,0.0,0.0,0.0,0.0,0.0,0.0,0.0,0.0,0.0
228,bernardosayao,3.2,3.33,4.08,8.0,0.0,0.0,0.0,0.0,0.0,0.0,0.0,0.0,0.0,0.0,0.0,0.0,0.0,0.0,0.0,0.0,0.0,0.0,0.0,0.0,0.0,0.0
229,caur,0.0,0.0,0.0,0.0,0.0,0.0,0.0,0.0,0.0,0.0,0.0,0.0,0.0,0.0,0.0,0.0,0.0,0.0,0.0,0.0,0.0,0.0,0.0,0.0,0.0,0.0
230,cecb,0.0,0.0,0.0,0.0,0.0,0.0,0.0,0.0,0.0,0.0,0.0,0.0,0.0,0.0,0.0,0.0,0.0,0.0,0.0,0.0,0.0,0.0,0.0,0.0,0.0,0.0
231,centroarcadenoe,0.0,0.0,0.0,0.0,0.0,0.0,0.0,0.0,0.0,0.0,0.0,0.0,0.0,0.0,0.0,0.0,0.0,0.0,0.0,0.0,0.0,0.0,0.0,0.0,0.0,0.0
232,cermac,0.0,0.0,0.0,0.0,0.0,0.0,0.0,0.0,0.0,0.0,0.0,0.0,0.0,0.0,0.0,0.0,0.0,0.0,0.0,0.0,0.0,0.0,0.0,0.0,0.0,0.0
233,cfc,0.0,0.0,0.0,0.0,0.0,0.0,0.0,0.0,0.0,0.0,0.0,0.0,0.0,0.0,0.0,0.0,0.0,0.0,0.0,0.0,0.0,0.0,0.0,0.0,0.0,0.0
234,cicerofranklin,0.0,0.0,0.0,0.0,0.0,0.0,0.0,0.0,0.0,0.0,0.0,0.0,0.0,0.0,0.0,0.0,0.0,0.0,0.0,0.0,0.0,0.0,0.0,0.0,0.0,0.0
235,colegioanchietai,0.0,0.0,0.0,0.0,0.0,0.0,0.0,0.0,0.0,0.0,0.0,0.0,0.0,0.0,0.0,0.0,0.0,0.0,0.0,0.0,0.0,0.0,0.0,0.0,0.0,0.0
236,colegioanchietaii,0.0,0.0,0.0,0.0,0.0,0.0,0.0,0.0,0.0,0.0,0.0,0.0,0.0,0.0,0.0,0.0,0.0,0.0,0.0,0.0,0.0,0.0,0.0,0.0,0.0,0.0
237,colegiobiangulo,14.0,25.0,0.0,0.0,0.0,0.0,0.0,0.0,0.0,0.0,0.0,0.0,0.0,0.0,0.0,0.0,0.0,0.0,0.0,0.0,0.0,0.0,0.0,0.0,0.0,0.0
238,colegiocanarinho,0.0,0.0,0.0,0.0,0.0,0.0,0.0,0.0,0.0,0.0,0.0,0.0,0.0,0.0,0.0,0.0,0.0,0.0,0.0,0.0,0.0,0.0,0.0,0.0,0.0,0.0
239,colegioevoluir,0.0,0.0,0.0,0.0,0.0,0.0,0.0,0.0,0.0,0.0,0.0,0.0,0.0,0.0,0.0,0.0,0.0,0.0,0.0,0.0,0.0,0.0,0.0,0.0,0.0,0.0
240,colegioma,0.0,0.0,0.0,0.0,0.0,0.0,0.0,0.0,0.0,0.0,0.0,0.0,0.0,0.0,0.0,0.0,0.0,0.0,0.0,0.0,0.0,0.0,0.0,0.0,0.0,0.0
241,colegiomilitardompedroii,0.0,0.0,0.0,0.0,0.0,0.0,0.0,0.0,0.0,0.0,0.0,0.0,0.0,0.0,0.0,0.0,0.0,0.0,0.0,0.0,0.0,0.0,0.0,0.0,0.0,0.0
242,colegiotelescastelao,0.0,0.0,0.0,0.0,0.0,0.0,0.0,0.0,0.0,0.0,0.0,0.0,0.0,0.0,0.0,0.0,0.0,0.0,0.0,0.0,0.0,0.0,0.0,0.0,0.0,0.0
243,colegiotelesmourabrasil,0.0,0.0,0.0,0.0,0.0,0.0,0.0,0.0,0.0,0.0,0.0,0.0,0.0,0.0,0.0,0.0,0.0,0.0,0.0,0.0,0.0,0.0,0.0,0.0,0.0,0.0
244,colegiovitoria,0.0,0.0,0.0,0.0,0.0,0.0,0.0,0.0,0.0,0.0,0.0,0.0,0.0,0.0,0.0,0.0,0.0,0.0,0.0,0.0,0.0,0.0,0.0,0.0,0.0,0.0
245,colsaberviver,0.0,0.0,0.0,0.0,0.0,0.0,0.0,0.0,0.0,0.0,0.0,0.0,0.0,0.0,0.0,0.0,0.0,0.0,0.0,0.0,0.0,0.0,0.0,0.0,0.0,0.0
246,contratos2021,0.0,0.0,0.0,0.0,0.0,0.0,0.0,0.0,0.0,0.0,0.0,0.0,0.0,0.0,0.0,0.0,0.0,0.0,0.0,0.0,0.0,0.0,0.0,0.0,0.0,0.0
247,criancaesperanca,3.1,4.67,0.0,0.0,0.0,0.0,0.0,0.0,0.0,0.0,0.0,0.0,0.0,0.0,0.0,0.0,0.0,0.0,0.0,0.0,0.0,0.0,0.0,0.0,0.0,0.0
248,djanirapereira,0.0,0.0,0.0,0.0,0.0,0.0,0.0,0.0,0.0,0.0,0.0,0.0,0.0,0.0,0.0,0.0,0.0,0.0,0.0,0.0,0.0,0.0,0.0,0.0,0.0,0.0
249,domhelder,0.0,0.0,0.0,0.0,0.0,0.0,0.0,0.0,0.0,0.0,0.0,0.0,0.0,0.0,0.0,0.0,0.0,0.0,0.0,0.0,0.0,0.0,0.0,0.0,0.0,0.0
250,duquecastilho,0.0,0.0,0.0,0.0,0.0,0.0,0.0,0.0,0.0,0.0,0.0,0.0,0.0,0.0,0.0,0.0,0.0,0.0,0.0,0.0,0.0,0.0,0.0,0.0,0.0,0.0
251,educacaoinfantilsemear,0.0,0.0,0.0,0.0,0.0,0.0,0.0,0.0,0.0,0.0,0.0,0.0,0.0,0.0,0.0,0.0,0.0,0.0,0.0,0.0,0.0,0.0,0.0,0.0,0.0,0.0
252,educaprime,0.0,0.0,0.0,0.0,0.0,0.0,0.0,0.0,0.0,0.0,0.0,0.0,0.0,0.0,0.0,0.0,0.0,0.0,0.0,0.0,0.0,0.0,0.0,0.0,0.0,0.0
253,eliteemilianoperneta,0.0,0.0,0.0,0.0,0.0,0.0,0.0,0.0,0.0,0.0,0.0,0.0,0.0,0.0,0.0,0.0,0.0,0.0,0.0,0.0,0.0,0.0,0.0,0.0,0.0,0.0
254,eluneonline,0.0,0.0,0.0,0.0,50.0,0.0,0.0,50.0,0.0,0.0,0.0,0.0,50.0,0.0,50.0,50.0,33.33,0.0,0.0,3.48,0.0,0.0,4.17,0.0,0.0,0.0
255,escolabedelandia,0.0,0.0,0.0,0.0,0.0,0.0,0.0,0.0,0.0,0.0,0.0,0.0,0.0,0.0,0.0,0.0,0.0,0.0,0.0,0.0,0.0,0.0,0.0,0.0,0.0,0.0
256,escolacristaboaviagem,0.0,0.0,0.0,0.0,0.0,0.0,0.0,0.0,0.0,0.0,0.0,0.0,0.0,0.0,0.0,0.0,0.0,0.0,0.0,0.0,0.0,0.0,0.0,0.0,0.0,0.0
257,escolacristacandeias,0.0,0.0,0.0,0.0,0.0,0.0,0.0,0.0,0.0,0.0,0.0,0.0,0.0,0.0,0.0,0.0,0.0,0.0,0.0,0.0,0.0,0.0,0.0,0.0,0.0,0.0
258,escolacristaemaldeia,0.0,0.0,0.0,0.0,0.0,0.0,0.0,0.0,0.0,0.0,0.0,0.0,0.0,0.0,0.0,0.0,0.0,0.0,0.0,0.0,0.0,0.0,0.0,0.0,0.0,0.0
259,escolacristaempiedade,0.0,0.0,0.0,0.0,0.0,0.0,0.0,0.0,0.0,0.0,0.0,0.0,0.0,0.0,0.0,0.0,0.0,0.0,0.0,0.0,0.0,0.0,0.0,0.0,0.0,0.0
260,escolacristanavarzea,0.0,0.0,0.0,0.0,0.0,0.0,0.0,0.0,0.0,0.0,0.0,0.0,0.0,0.0,0.0,0.0,0.0,0.0,0.0,0.0,0.0,0.0,0.0,0.0,0.0,0.0
261,escolasantaclara,0.0,0.0,0.0,0.0,0.0,0.0,0.0,0.0,0.0,0.0,0.0,0.0,0.0,0.0,0.0,0.0,0.0,0.0,0.0,0.0,0.0,0.0,0.0,0.0,0.0,0.0
262,escolinhacaca,0.0,0.0,0.0,0.0,0.0,0.0,0.0,0.0,0.0,0.0,0.0,0.0,0.0,0.0,0.0,0.0,0.0,0.0,0.0,0.0,0.0,0.0,0.0,0.0,0.0,0.0
263,espacoeducar,0.0,0.0,0.0,0.0,0.0,0.0,0.0,0.0,0.0,0.0,0.0,0.0,0.0,0.0,0.0,0.0,0.0,0.0,0.0,0.0,0.0,0.0,0.0,0.0,0.0,0.0
264,franciscanopioxii,0.0,0.0,0.0,0.0,0.0,0.0,0.0,0.0,0.0,0.0,0.0,0.0,0.0,0.0,0.0,0.0,0.0,0.0,0.0,0.0,0.0,0.0,0.0,0.0,0.0,0.0
265,goncalomartins,0.0,0.0,0.0,0.0,0.0,0.0,0.0,0.0,0.0,0.0,0.0,0.0,0.0,0.0,0.0,0.0,0.0,0.0,0.0,0.0,0.0,0.0,0.0,0.0,0.0,0.0
266,grandepasso,0.0,0.0,0.0,0.0,0.0,0.0,0.0,0.0,0.0,0.0,0.0,0.0,0.0,0.0,0.0,0.0,0.0,0.0,0.0,0.0,0.0,0.0,0.0,0.0,0.0,0.0
267,habilisescolaecurso,0.0,0.0,0.0,0.0,0.0,0.0,0.0,0.0,0.0,0.0,0.0,0.0,0.0,0.0,0.0,0.0,0.0,0.0,0.0,0.0,0.0,0.0,0.0,0.0,0.0,0.0
268,herciliovilanova,0.0,0.0,0.0,0.0,0.0,0.0,0.0,0.0,0.0,0.0,0.0,0.0,0.0,0.0,0.0,0.0,0.0,0.0,0.0,0.0,0.0,0.0,0.0,0.0,0.0,0.0
269,institutokairos,0.0,0.0,0.0,0.0,0.0,0.0,0.0,0.0,0.0,0.0,0.0,0.0,0.0,0.0,0.0,0.0,0.0,0.0,0.0,0.0,0.0,0.0,0.0,0.0,0.0,0.0
270,Ipdhsolucoes,0.0,0.0,0.0,0.0,0.0,0.0,0.0,0.0,0.0,0.0,0.0,0.0,0.0,0.0,0.0,0.0,0.0,0.0,0.0,0.0,0.0,0.0,0.0,0.0,0.0,0.0
271,joaoferreira,0.0,0.0,0.0,0.0,0.0,0.0,0.0,0.0,0.0,0.0,0.0,0.0,0.0,0.0,0.0,0.0,0.0,0.0,0.0,4.35,0.0,0.0,4.17,0.0,0.0,0.0
272,joaoxxiii,0.0,0.0,0.0,0.0,0.0,0.0,0.0,0.0,0.0,0.0,0.0,0.0,0.0,0.0,0.0,0.0,0.0,0.0,0.0,0.0,0.0,0.0,0.0,0.0,0.0,0.0
273,josecabral,0.0,0.0,0.0,0.0,0.0,0.0,0.0,0.0,0.0,0.0,0.0,0.0,0.0,0.0,0.0,0.0,0.0,0.0,0.0,0.0,0.0,0.0,0.0,0.0,0.0,0.0
274,josemariano,0.0,0.0,0.0,0.0,0.0,0.0,0.0,0.0,0.0,0.0,0.0,0.0,0.0,0.0,0.0,0.0,0.0,0.0,0.0,0.0,0.0,0.0,0.0,0.0,0.0,0.0
275,josemelo,2.0,1.97,0.0,0.0,0.0,0.0,0.0,0.0,0.0,0.0,0.0,0.0,0.0,0.0,0.0,0.0,0.0,0.0,0.0,0.0,0.0,0.0,0.0,0.0,0.0,0.0
276,josesoares,0.0,0.0,0.0,0.0,0.0,0.0,0.0,0.0,0.0,0.0,0.0,0.0,0.0,0.0,0.0,0.0,0.0,0.0,0.0,0.0,0.0,0.0,0.0,0.0,0.0,0.0
277,kidsbaby,0.0,0.0,0.0,0.0,0.0,0.0,0.0,0.0,0.0,0.0,0.0,0.0,0.0,0.0,0.0,0.0,0.0,0.0,0.0,0.0,0.0,0.0,0.0,0.0,0.0,0.0
278,liviasoares,0.0,0.0,0.0,0.0,0.0,0.0,0.0,0.0,0.0,0.0,0.0,0.0,0.0,0.0,0.0,0.0,0.0,0.0,0.0,0.0,0.0,0.0,0.0,0.0,0.0,0.0
279,magno,0.0,0.0,0.0,0.0,0.0,0.0,0.0,0.0,0.0,0.0,0.0,0.0,0.0,0.0,0.0,0.0,0.0,0.0,0.0,0.0,0.0,0.0,0.0,0.0,0.0,0.0
280,magnumagostiniano,0.0,0.0,0.0,0.0,0.0,0.0,0.0,0.0,0.0,0.0,0.0,0.0,0.0,0.0,0.0,0.0,0.0,0.0,0.0,0.0,0.0,0.0,0.0,0.0,0.0,0.0
281,manoelbatista,0.0,0.0,0.0,0.0,100.0,50.0,50.0,0.0,100.0,0.0,0.0,0.0,0.0,0.0,0.0,0.0,0.0,0.0,0.0,50.0,0.0,0.0,33.33,0.0,0.0,0.0
282,manoelbernardino,0.0,0.0,0.0,0.0,0.0,0.0,0.0,0.0,0.0,0.0,0.0,0.0,0.0,0.0,0.0,0.0,0.0,0.0,0.0,0.0,0.0,0.0,0.0,0.0,0.0,0.0
283,manoelmarcelino,0.0,0.0,0.0,0.0,0.0,0.0,0.0,0.0,0.0,0.0,0.0,0.0,0.0,0.0,0.0,0.0,0.0,0.0,0.0,0.0,0.0,0.0,0.0,0.0,0.0,0.0
284,manoelqueiroz,3.05,3.86,3.58,4.0,0.0,0.0,0.0,0.0,0.0,0.0,0.0,0.0,0.0,0.0,0.0,0.0,0.0,0.0,0.0,0.0,0.0,0.0,0.0,0.0,0.0,0.0
285,mariacarmo,2.5,1.42,0.84,0.47,0.0,0.0,0.0,0.0,0.0,0.0,0.0,0.0,0.0,0.0,0.0,0.0,0.0,0.0,0.0,0.0,0.0,0.0,0.0,0.0,0.0,0.0
286,marialeao,3.1,3.29,0.0,16.67,0.0,0.0,0.0,0.0,0.0,0.0,0.0,0.0,0.0,0.0,0.0,0.0,0.0,0.0,0.0,0.0,0.0,0.0,0.0,0.0,0.0,0.0
287,mariamerces,0.0,0.0,0.0,0.0,0.0,0.0,0.0,0.0,0.0,0.0,0.0,0.0,0.0,0.0,0.0,0.0,0.0,0.0,0.0,0.0,0.0,0.0,0.0,0.0,0.0,0.0
288,marqueslima,0.0,0.0,0.0,0.0,0.0,0.0,0.0,0.0,0.0,0.0,0.0,0.0,0.0,0.0,0.0,0.0,0.0,0.0,0.0,0.0,0.0,0.0,0.0,0.0,0.0,0.0
289,mastersolucoes,19.25,15.0,0.0,0.0,0.0,0.0,0.0,0.0,0.0,0.0,0.0,0.0,0.0,0.0,0.0,0.0,0.0,0.0,0.0,0.0,0.0,0.0,0.0,0.0,0.0,0.0
290,materdei,0.0,0.0,0.0,0.0,0.0,0.0,0.0,0.0,0.0,0.0,0.0,0.0,0.0,0.0,0.0,0.0,0.0,0.0,0.0,0.0,0.0,0.0,0.0,0.0,0.0,0.0
291,melquiadescamelo,5.0,2.62,1.0,0.0,0.0,0.0,0.89,0.0,0.0,0.0,0.0,0.0,0.0,0.0,0.0,0.0,0.0,0.0,0.0,4.35,0.0,0.0,4.17,0.0,0.25,0.0
292,msetemporario,0.0,0.0,0.0,0.0,0.0,0.0,0.0,0.0,0.0,0.0,0.0,0.0,0.0,0.0,0.0,0.0,0.0,0.0,0.0,0.0,0.0,0.0,0.0,0.0,0.0,0.0
293,nsconceicao,0.0,0.0,0.0,0.0,0.0,0.0,0.0,0.0,0.0,0.0,0.0,0.0,0.0,0.0,0.0,0.0,0.0,0.0,0.0,0.0,0.0,0.0,0.0,0.0,0.0,0.0
294,nucleo,0.0,0.0,0.0,0.0,0.0,0.0,0.0,0.0,0.0,0.0,0.0,0.0,0.0,0.0,0.0,0.0,0.0,0.0,0.0,0.0,0.0,0.0,0.0,0.0,0.0,0.0
295,oswalddeandrade,0.0,0.0,0.0,0.0,0.0,0.0,0.0,0.0,0.0,0.0,0.0,0.0,0.0,0.0,0.0,0.0,0.0,0.0,0.0,0.0,0.0,0.0,0.0,0.0,0.0,0.0
296,palasatena,0.0,0.0,0.0,0.0,0.0,0.0,0.0,0.0,0.0,0.0,0.0,0.0,0.0,0.0,0.0,0.0,0.0,0.0,0.0,0.0,0.0,0.0,0.0,0.0,0.0,0.0
297,paulovi,0.0,0.0,0.0,0.0,0.0,0.0,0.0,0.0,0.0,0.0,0.0,0.0,0.0,0.0,0.0,0.0,0.0,0.0,0.0,0.0,0.0,0.0,0.0,0.0,0.0,0.0
298,pauloviana,2.1,1.71,1.68,1.0,11.11,9.09,10.0,0.0,11.11,0.0,0.0,0.0,0.0,0.0,0.0,0.0,0.0,0.0,0.0,3.7,0.0,0.0,2.17,0.0,0.0,0.0
299,pcf,0.0,0.0,0.0,0.0,0.0,0.0,0.0,0.0,0.0,0.0,0.0,0.0,0.0,0.0,0.0,0.0,0.0,0.0,0.0,0.0,0.0,0.0,0.0,0.0,0.0,0.0
300,pedrocamelo,2.85,3.57,7.0,0.0,0.0,0.0,6.67,0.0,0.0,0.0,0.0,0.0,0.0,0.0,0.0,0.0,0.0,0.0,0.0,3.74,0.0,0.0,4.17,0.0,3.5,0.0
301,pedromurilo,0.0,0.0,0.0,0.0,0.0,0.0,0.0,0.0,0.0,0.0,0.0,0.0,0.0,0.0,0.0,0.0,0.0,0.0,0.0,0.0,0.0,0.0,0.0,0.0,0.0,0.0
302,physicsagustomontenegro,0.0,0.0,0.0,0.0,0.0,0.0,0.0,0.0,0.0,0.0,0.0,0.0,0.0,0.0,0.0,0.0,0.0,0.0,0.0,0.0,0.0,0.0,0.0,0.0,0.0,0.0
303,physicstrescoracoes,0.0,0.0,0.0,0.0,0.0,0.0,0.0,0.0,0.0,0.0,0.0,0.0,0.0,0.0,0.0,0.0,0.0,0.0,0.0,0.0,0.0,0.0,0.0,0.0,0.0,0.0
304,pluricrecheescola,0.0,0.0,0.0,0.0,0.0,0.0,0.0,0.0,0.0,0.0,0.0,0.0,0.0,0.0,0.0,0.0,0.0,0.0,0.0,0.0,0.0,0.0,0.0,0.0,0.0,0.0
305,podion,0.0,0.0,0.0,0.0,0.0,0.0,0.0,0.0,0.0,0.0,0.0,0.0,0.0,0.0,0.0,0.0,0.0,0.0,0.0,0.0,0.0,0.0,0.0,0.0,0.0,0.0
306,positivo,0.0,0.0,0.0,0.0,0.0,0.0,0.0,0.0,0.0,0.0,0.0,0.0,0.0,0.0,0.0,0.0,0.0,0.0,0.0,0.0,0.0,0.0,0.0,0.0,0.0,0.0
307,potenciacao,0.0,0.0,0.0,0.0,0.0,0.0,0.0,0.0,0.0,0.0,0.0,0.0,0.0,0.0,0.0,0.0,0.0,0.0,0.0,0.0,0.0,0.0,0.0,0.0,0.0,0.0
308,prevest,0.0,0.0,0.0,0.0,0.0,0.0,0.0,3.0,0.0,0.0,0.0,0.0,5.0,0.0,0.0,0.0,3.67,0.0,0.0,4.35,0.0,0.0,4.17,0.0,0.0,0.0
309,primeiromundo,0.0,0.0,0.0,0.0,0.0,0.0,0.0,0.0,0.0,0.0,0.0,0.0,0.0,0.0,0.0,0.0,0.0,0.0,0.0,0.0,0.0,0.0,0.0,0.0,0.0,0.0
310,recriar,0.0,0.0,0.0,0.0,0.0,0.0,0.0,0.0,0.0,0.0,0.0,0.0,0.0,0.0,0.0,0.0,0.0,0.0,0.0,0.0,0.0,0.0,0.0,0.0,0.0,0.0
311,rosadesaron,0.0,0.0,0.0,0.0,0.0,0.0,0.0,0.0,0.0,0.0,0.0,0.0,0.0,0.0,0.0,0.0,0.0,0.0,0.0,0.0,0.0,0.0,0.0,0.0,0.0,0.0
312,rosanaponte,0.0,0.0,0.0,0.0,0.0,0.0,0.0,0.0,0.0,0.0,0.0,0.0,0.0,0.0,0.0,0.0,0.0,0.0,0.0,0.0,0.0,0.0,0.0,0.0,0.0,0.0
313,santoagostinhomg,0.0,0.0,0.0,0.0,0.0,0.0,0.0,0.0,0.0,0.0,0.0,0.0,0.0,0.0,0.0,0.0,0.0,0.0,0.0,0.0,0.0,0.0,0.0,0.0,0.0,0.0
314,saoluiz,0.0,0.0,0.0,0.0,0.0,0.0,0.0,0.0,0.0,0.0,0.0,0.0,0.0,0.0,0.0,0.0,0.0,0.0,0.0,0.0,0.0,0.0,0.0,0.0,0.0,0.0
315,saosebastiao,0.0,0.0,0.0,0.0,0.0,0.0,0.0,0.0,0.0,0.0,0.0,0.0,0.0,0.0,0.0,0.0,0.0,0.0,0.0,0.0,0.0,0.0,0.0,0.0,0.0,0.0
316,scoredu,0.0,0.0,0.0,0.0,0.0,0.0,0.0,0.0,0.0,0.0,0.0,0.0,0.0,0.0,0.0,0.0,0.0,0.0,0.0,0.0,0.0,0.0,0.0,0.0,0.0,0.0
317,senninha,0.0,0.0,0.0,0.0,0.0,0.0,0.0,0.0,0.0,0.0,0.0,0.0,0.0,0.0,0.0,0.0,0.0,0.0,0.0,0.0,0.0,0.0,0.0,0.0,0.0,0.0
318,sistemaeducacionalmaster,0.0,0.0,0.0,0.0,0.0,0.0,0.0,0.0,0.0,0.0,0.0,0.0,0.0,0.0,0.0,0.0,0.0,0.0,0.0,0.0,0.0,0.0,0.0,0.0,0.0,0.0
319,sonhodecrianca,0.0,0.0,0.0,0.0,0.0,0.0,0.0,0.0,0.0,0.0,0.0,0.0,0.0,0.0,0.0,0.0,0.0,0.0,0.0,0.0,0.0,0.0,0.0,0.0,0.0,0.0
320,sosmamaecoruja,0.0,0.0,0.0,0.0,0.0,0.0,0.0,0.0,0.0,0.0,0.0,0.0,0.0,0.0,0.0,0.0,0.0,0.0,0.0,0.0,0.0,0.0,0.0,0.0,0.0,0.0
321,tialo,0.0,0.0,0.0,0.0,0.0,0.0,0.0,0.0,0.0,0.0,0.0,0.0,0.0,0.0,0.0,0.0,0.0,0.0,0.0,0.0,0.0,0.0,0.0,0.0,0.0,0.0
322,tiathais,0.0,0.0,0.0,0.0,0.0,0.0,0.0,0.0,0.0,0.0,0.0,0.0,0.0,0.0,0.0,0.0,0.0,0.0,0.0,0.0,0.0,0.0,0.0,0.0,0.0,0.0
323,venceslauchaves,3.05,4.76,0.0,0.0,0.0,0.0,9.56,0.0,0.0,0.0,0.0,0.0,0.0,0.0,0.0,0.0,0.0,0.0,0.0,4.35,0.0,0.0,4.17,0.0,6.25,0.0
324,viladainfanciaeusebio,0.0,0.0,0.0,0.0,0.0,0.0,0.0,0.0,0.0,0.0,0.0,0.0,0.0,0.0,0.0,0.0,0.0,0.0,0.0,0.0,0.0,0.0,0.0,0.0,0.0,0.0
325,viladainfanciafortaleza,0.0,0.0,0.0,0.0,0.0,0.0,0.0,0.0,0.0,0.0,0.0,0.0,0.0,0.0,0.0,0.0,0.0,0.0,0.0,0.0,0.0,0.0,0.0,0.0,0.0,0.0
326,vitaldidonet,0.0,0.0,0.0,0.0,0.0,0.0,0.0,0.0,0.0,0.0,0.0,0.0,0.0,0.0,0.0,0.0,0.0,0.0,0.0,0.0,0.0,0.0,0.0,0.0,0.0,0.0
327,zecarioca,0.0,0.0,0.0,0.0,0.0,0.0,0.0,0.0,0.0,0.0,0.0,0.0,0.0,0.0,0.0,0.0,0.0,0.0,0.0,0.0,0.0,0.0,0.0,0.0,0.0,0.0
328,colegiosantadoroteia,0.0,0.0,0.0,0.0,0.0,0.0,0.0,0.0,0.0,0.0,0.0,0.0,0.0,0.0,0.0,0.0,0.0,0.0,0.0,0.0,0.0,0.0,0.0,0.0,0.0,0.0
329,augustolaranja,0.0,0.0,0.0,0.0,0.0,0.0,0.0,0.0,0.0,0.0,0.0,0.0,0.0,0.0,0.0,0.0,0.0,0.0,0.0,0.0,0.0,0.0,0.0,0.0,0.0,0.0
330,classea,0.0,0.0,0.0,0.0,0.0,0.0,0.0,0.0,0.0,0.0,0.0,0.0,0.0,0.0,0.0,0.0,0.0,0.0,0.0,0.0,0.0,0.0,0.0,0.0,0.0,0.0
331,saobento,0.0,0.0,0.0,0.0,0.0,0.0,0.0,0.0,0.0,0.0,0.0,0.0,0.0,0.0,0.0,0.0,0.0,0.0,0.0,0.0,0.0,0.0,0.0,0.0,0.0,0.0
332,cruzeiro,0.0,0.0,0.0,0.0,0.0,0.0,0.0,0.0,0.0,0.0,0.0,0.0,0.0,0.0,0.0,0.0,0.0,0.0,0.0,0.0,0.0,0.0,0.0,0.0,0.0,0.0
333,notredame,0.0,0.0,0.0,0.0,0.0,0.0,0.0,0.0,0.0,0.0,0.0,0.0,0.0,0.0,0.0,0.0,0.0,0.0,0.0,0.0,0.0,0.0,0.0,0.0,0.0,0.0
334,lerote,0.0,0.0,0.0,0.0,0.0,0.0,0.0,0.0,0.0,0.0,0.0,0.0,0.0,0.0,0.0,0.0,0.0,0.0,0.0,0.0,0.0,0.0,0.0,0.0,0.0,0.0
335,santoamericoteste,0.0,0.0,0.0,0.0,0.0,0.0,0.0,0.0,0.0,0.0,0.0,0.0,0.0,0.0,0.0,0.0,0.0,0.0,0.0,0.0,0.0,0.0,0.0,0.0,0.0,0.0
336,arena,22.25,15.0,0.0,34.0,0.0,100.0,12.5,0.0,0.0,100.0,0.0,0.0,0.0,0.0,100.0,100.0,0.0,0.0,0.0,50.0,0.0,0.0,33.33,0.0,0.0,0.0
337,colegiosaoluis,15.75,19.5,100.0,50.0,0.0,0.0,0.0,0.0,0.0,0.0,0.0,0.0,0.0,0.0,0.0,0.0,0.0,0.0,100.0,0.0,0.0,0.0,0.0,0.0,0.0,0.0
338,veracruz,0.0,0.0,0.0,0.0,0.0,0.0,0.0,0.0,0.0,0.0,0.0,0.0,0.0,0.0,0.0,0.0,0.0,0.0,0.0,0.0,0.0,0.0,0.0,0.0,0.0,0.0
339,santacruz,0.0,0.0,0.0,0.0,0.0,0.0,0.0,0.0,0.0,0.0,0.0,0.0,0.0,0.0,0.0,0.0,0.0,0.0,0.0,0.0,0.0,0.0,0.0,0.0,0.0,0.0
340,esmg,0.0,0.0,0.0,0.0,0.0,0.0,0.0,0.0,0.0,0.0,0.0,0.0,0.0,0.0,0.0,0.0,0.0,0.0,0.0,0.0,0.0,0.0,0.0,0.0,0.0,0.0
341,elvirabrandao,0.0,0.0,0.0,0.0,0.0,0.0,0.0,0.0,0.0,0.0,0.0,0.0,0.0,0.0,0.0,0.0,0.0,0.0,0.0,0.0,0.0,0.0,0.0,0.0,0.0,0.0
342,bahema,0.0,0.0,0.0,0.0,0.0,0.0,0.0,0.0,0.0,0.0,0.0,0.0,0.0,0.0,0.0,0.0,0.0,0.0,0.0,0.0,0.0,0.0,0.0,0.0,0.0,0.0
343,cognita,0.0,0.0,0.0,0.0,0.0,0.0,0.0,0.0,0.0,0.0,0.0,0.0,0.0,0.0,0.0,0.0,0.0,0.0,0.0,0.0,0.0,0.0,0.0,0.0,0.0,0.0
344,gaylussac,0.0,0.0,0.0,0.0,0.0,0.0,0.0,0.0,0.0,0.0,0.0,0.0,0.0,0.0,0.0,0.0,0.0,0.0,0.0,0.0,0.0,0.0,0.0,0.0,0.0,0.0
345,santamaria,0.0,0.0,0.0,0.0,0.0,0.0,0.0,0.0,0.0,0.0,0.0,0.0,0.0,0.0,0.0,0.0,0.0,0.0,0.0,0.0,0.0,0.0,0.0,0.0,0.0,0.0
346,magnum,0.0,0.0,0.0,0.0,0.0,0.0,0.0,0.0,0.0,0.0,0.0,0.0,0.0,0.0,0.0,0.0,0.0,0.0,0.0,0.0,0.0,0.0,0.0,0.0,0.0,0.0
347,tomasdeaquino,0.0,0.0,0.0,0.0,0.0,0.0,0.0,0.0,0.0,0.0,0.0,0.0,0.0,0.0,0.0,0.0,0.0,0.0,0.0,0.0,0.0,0.0,0.0,0.0,0.0,0.0
348,redeapogeu,0.0,0.0,0.0,0.0,0.0,0.0,0.0,0.0,0.0,0.0,0.0,0.0,0.0,0.0,0.0,0.0,0.0,0.0,0.0,0.0,0.0,0.0,0.0,0.0,0.0,0.0
349,liderasas,0.0,0.0,0.0,0.0,0.0,0.0,0.0,0.0,0.0,0.0,0.0,0.0,0.0,0.0,0.0,0.0,0.0,0.0,0.0,0.0,0.0,0.0,0.0,0.0,0.0,0.0
350,riobrancocampinas,0.0,0.0,0.0,0.0,0.0,0.0,0.0,0.0,0.0,0.0,0.0,0.0,0.0,0.0,0.0,0.0,0.0,0.0,0.0,0.0,0.0,0.0,0.0,0.0,0.0,0.0
351,escolaidaam,0.0,0.0,0.0,0.0,0.0,0.0,0.0,0.0,0.0,0.0,0.0,0.0,0.0,0.0,0.0,0.0,0.0,0.0,0.0,0.0,0.0,0.0,0.0,0.0,0.0,0.0
352,playpen,0.0,0.0,0.0,0.0,0.0,0.0,0.0,0.0,0.0,0.0,0.0,0.0,0.0,0.0,0.0,0.0,0.0,0.0,0.0,0.0,0.0,0.0,0.0,0.0,0.0,0.0
353,colegiosalesianorn,0.0,0.0,0.0,0.0,0.0,0.0,0.0,0.0,0.0,0.0,0.0,0.0,0.0,0.0,0.0,0.0,0.0,0.0,0.0,0.0,0.0,0.0,0.0,0.0,0.0,0.0
354,blueschooleducacional,14.0,25.0,0.0,0.0,0.0,0.0,0.0,0.0,0.0,0.0,0.0,0.0,0.0,0.0,0.0,0.0,0.0,0.0,0.0,0.0,0.0,0.0,0.0,0.0,0.0,0.0
355,mobile,0.0,0.0,0.0,0.0,0.0,0.0,0.0,0.0,0.0,0.0,0.0,0.0,0.0,0.0,0.0,0.0,0.0,0.0,0.0,0.0,0.0,0.0,0.0,0.0,0.0,0.0
356,vertice,0.0,0.0,0.0,0.0,0.0,0.0,0.0,0.0,0.0,0.0,0.0,0.0,0.0,0.0,0.0,0.0,0.0,0.0,0.0,0.0,0.0,0.0,0.0,0.0,0.0,0.0
357,dantealighieri,0.0,0.0,0.0,0.0,0.0,0.0,0.0,0.0,0.0,0.0,0.0,0.0,0.0,0.0,0.0,0.0,0.0,0.0,0.0,0.0,0.0,0.0,0.0,0.0,0.0,0.0
358,coreeschool,0.0,0.0,0.0,0.0,0.0,0.0,0.0,0.0,0.0,0.0,0.0,0.0,0.0,0.0,0.0,0.0,0.0,0.0,0.0,0.0,0.0,0.0,0.0,0.0,0.0,0.0
359,cav,0.0,0.0,0.0,0.0,0.0,0.0,0.0,0.0,0.0,0.0,0.0,0.0,0.0,0.0,0.0,0.0,0.0,0.0,0.0,0.0,0.0,0.0,0.0,0.0,0.0,0.0
360,santamarcelina,0.0,0.0,0.0,0.0,0.0,0.0,0.0,0.0,0.0,0.0,0.0,0.0,0.0,0.0,0.0,0.0,0.0,0.0,0.0,0.0,0.0,0.0,0.0,0.0,0.0,0.0
361,vitalbrazil,0.0,0.0,0.0,0.0,0.0,0.0,0.0,0.0,0.0,0.0,0.0,0.0,0.0,0.0,0.0,0.0,0.0,0.0,0.0,0.0,0.0,0.0,0.0,0.0,0.0,0.0
362,nossasenhoradesion,0.0,0.0,0.0,0.0,0.0,0.0,0.0,0.0,0.0,0.0,0.0,0.0,0.0,0.0,0.0,0.0,0.0,0.0,0.0,0.0,0.0,0.0,0.0,0.0,0.0,0.0
363,colegiosaojudas,0.0,0.0,0.0,0.0,0.0,0.0,0.0,0.0,0.0,0.0,0.0,0.0,0.0,0.0,0.0,0.0,0.0,0.0,0.0,0.0,0.0,0.0,0.0,0.0,0.0,0.0
364,cotemig,0.0,0.0,0.0,0.0,2.0,0.0,0.0,0.0,0.0,0.0,0.0,0.0,2.0,0.0,2.0,2.0,2.0,0.0,0.0,2.0,0.0,0.0,2.0,0.0,0.0,0.0
365,vicentecravo,3.1,3.33,8.33,2.0,0.0,20.0,6.89,0.0,0.0,0.0,0.0,0.0,0.0,6.33,1.0,0.0,4.0,0.0,4.67,3.78,0.0,0.0,4.17,0.0,5.75,7.75
366,engenhomoscou,0.0,0.0,0.0,0.0,0.0,0.0,0.0,0.0,0.0,0.0,0.0,0.0,0.0,0.0,0.0,0.0,0.0,0.0,0.0,0.0,0.0,0.0,0.0,0.0,0.0,0.0
367,liviacarneiro,0.0,0.0,0.0,0.0,0.0,0.0,0.0,0.0,0.0,0.0,0.0,0.0,0.0,0.0,0.0,0.0,0.0,0.0,0.0,0.0,0.0,0.0,0.0,0.0,0.0,0.0
368,josepinheiro,1.58,1.79,5.26,2.87,0.0,1.64,0.5,0.0,0.11,0.0,0.0,0.0,0.0,0.0,11.11,11.11,0.0,0.0,0.0,3.59,0.0,0.0,4.35,0.0,11.11,0.0
369,manoelfrancisco,0.0,0.0,0.0,0.0,0.0,0.0,0.0,0.0,0.0,0.0,0.0,0.0,0.0,0.0,0.0,0.0,0.0,0.0,0.0,0.0,0.0,0.0,0.0,0.0,0.0,0.0
370,formacoesipu,0.0,0.0,0.0,0.0,0.0,0.0,0.0,0.0,0.0,0.0,0.0,0.0,0.0,0.0,0.0,0.0,0.0,0.0,0.0,3.7,0.0,0.0,4.35,0.0,0.0,0.0
371,mocinhagomes,3.55,3.43,3.42,0.5,0.0,6.2,6.44,0.0,0.0,0.0,0.0,0.0,0.0,7.33,0.0,0.0,0.67,11.33,0.0,4.35,0.0,0.0,4.17,0.0,3.25,13.5
372,zacariasliberato,3.2,2.9,3.25,0.0,0.0,0.0,1.56,0.0,0.0,15.5,0.0,0.0,0.0,0.0,0.5,0.0,0.0,0.0,0.0,4.35,0.0,50.0,4.17,4.5,3.75,0.0
373,raimundoalves,4.1,2.81,3.58,4.0,0.0,3.6,0.56,0.0,0.0,16.67,0.0,0.0,0.0,0.0,0.5,0.0,2.33,2.67,0.0,3.83,0.0,0.0,4.17,0.0,0.0,0.0
374,franciscopinto,0.0,0.0,0.0,0.0,0.0,0.0,50.0,0.0,0.0,0.0,0.0,0.0,0.0,0.0,0.0,0.0,0.0,0.0,0.0,25.0,0.0,0.0,33.33,0.0,0.0,0.0
375,hamiltondarocha,3.35,3.1,7.33,2.33,0.0,15.6,11.11,0.0,50.0,11.83,0.0,0.0,0.0,33.33,2.5,5.0,0.0,33.33,33.33,3.78,0.0,0.0,4.12,50.0,25.0,25.0
376,josepiaulino,0.0,0.0,0.0,0.0,0.0,0.0,0.0,0.0,0.0,0.0,0.0,0.0,0.0,0.0,0.0,0.0,0.0,0.0,0.0,0.0,0.0,0.0,0.0,0.0,0.0,0.0
377,pannetaosasco,0.0,0.0,0.0,0.0,0.0,0.0,0.0,0.0,0.0,0.0,0.0,0.0,0.0,0.0,0.0,0.0,0.0,0.0,0.0,0.0,0.0,0.0,0.0,0.0,0.0,0.0
