,namespace,Total Conteudos,ARTICLE,Tarefas,AUDIO,EMBEDCONTENT,S.Exs,GDOCS,GSHEETS,GSLIDES,LINKCONTENT,LINKEDEXAM,PRESENTATION,VIDEO,VIDEOCONF
0,abdiasmartins,318,17.0,34.0,0.0,0.0,26.0,0.0,0.0,6.0,25.0,0.0,98.0,103.0,9.0
1,abiliomartins,127,10.0,30.0,2.0,1.0,6.0,1.0,0.0,0.0,3.0,0.0,26.0,43.0,5.0
2,acessoalmirantetamandare,2641,451.0,589.0,0.0,0.0,104.0,1.0,0.0,2.0,12.0,0.0,786.0,206.0,490.0
3,acessoboqueirao,2629,205.0,430.0,0.0,0.0,211.0,3.0,0.0,0.0,98.0,1.0,1567.0,49.0,65.0
4,acessocampolargo,3254,1166.0,356.0,0.0,0.0,138.0,0.0,0.0,3.0,90.0,0.0,732.0,199.0,570.0
5,acessocampolargokids,759,261.0,252.0,0.0,0.0,0.0,2.0,0.0,0.0,0.0,0.0,129.0,115.0,0.0
6,acessofazendariogrande,2048,557.0,180.0,0.0,0.0,151.0,6.0,0.0,8.0,9.0,1.0,658.0,48.0,430.0
7,acessohauer,3477,1054.0,984.0,0.0,0.0,75.0,0.0,0.0,6.0,371.0,5.0,910.0,36.0,36.0
8,acessopinhais,1258,282.0,118.0,0.0,0.0,85.0,0.0,0.0,8.0,75.0,2.0,438.0,66.0,184.0
9,acessosantafelicidade,3797,1352.0,859.0,0.0,3.0,125.0,1.0,0.0,0.0,8.0,3.0,1074.0,122.0,250.0
10,acessosjpinhais,7450,1795.0,334.0,0.0,0.0,517.0,2.0,0.0,1.0,65.0,2.0,1563.0,334.0,2837.0
11,adrianochan,1698,1.0,1.0,0.0,9.0,247.0,0.0,0.0,0.0,5.0,14.0,735.0,80.0,606.0
12,aescobjetivo,6363,583.0,692.0,0.0,2.0,14.0,78.0,0.0,29.0,67.0,3.0,3791.0,1065.0,39.0
13,albertocabral,10,0.0,0.0,0.0,0.0,6.0,0.0,0.0,0.0,0.0,0.0,0.0,4.0,0.0
14,alpha,5267,553.0,555.0,1.0,0.0,1104.0,26.0,6.0,78.0,292.0,0.0,1665.0,986.0,1.0
15,amadeus,7866,2353.0,2974.0,0.0,0.0,682.0,24.0,0.0,25.0,9.0,1.0,660.0,175.0,963.0
16,amais,421,1.0,0.0,0.0,0.0,0.0,0.0,0.0,0.0,1.0,0.0,24.0,395.0,0.0
17,anossaatmosfera,805,18.0,13.0,0.0,1.0,138.0,0.0,1.0,0.0,8.0,0.0,55.0,448.0,123.0
18,antoniairene,243,51.0,32.0,0.0,0.0,1.0,0.0,0.0,0.0,4.0,0.0,1.0,153.0,1.0
19,antoniolima,2227,0.0,1028.0,2.0,1.0,0.0,1.0,1.0,0.0,20.0,0.0,6.0,1168.0,0.0
20,antoniomelo,128,15.0,26.0,0.0,0.0,15.0,0.0,0.0,5.0,24.0,0.0,27.0,8.0,8.0
21,apogeu,15,0.0,0.0,0.0,0.0,4.0,0.0,0.0,0.0,0.0,0.0,11.0,0.0,0.0
22,apogeustoantonio2,230,29.0,0.0,0.0,0.0,19.0,0.0,0.0,0.0,1.0,0.0,174.0,7.0,0.0
23,arena,397,0.0,0.0,0.0,1.0,83.0,0.0,0.0,0.0,0.0,0.0,232.0,81.0,0.0
24,arlindocavalcanti,7,0.0,1.0,0.0,0.0,1.0,0.0,0.0,0.0,0.0,0.0,1.0,4.0,0.0
25,arturtavares,13,2.0,2.0,0.0,0.0,7.0,0.0,0.0,0.0,0.0,0.0,0.0,2.0,0.0
26,barraazul,25,3.0,3.0,0.0,1.0,4.0,0.0,0.0,0.0,3.0,0.0,2.0,9.0,0.0
27,beityaacov,4720,0.0,0.0,0.0,0.0,1939.0,0.0,0.0,0.0,2.0,0.0,1597.0,1181.0,1.0
28,benjaminconstant,70,0.0,1.0,0.0,2.0,17.0,0.0,0.0,0.0,0.0,0.0,34.0,16.0,0.0
29,benjamitacardona,10,0.0,1.0,0.0,0.0,1.0,0.0,0.0,0.0,0.0,0.0,1.0,7.0,0.0
30,bernardosayao,25,0.0,6.0,0.0,0.0,7.0,0.0,0.0,0.0,0.0,0.0,3.0,9.0,0.0
31,blueschooleducacional,17,0.0,0.0,0.0,0.0,0.0,0.0,0.0,0.0,0.0,0.0,0.0,17.0,0.0
32,brasilcursinhos,1350,15.0,77.0,0.0,0.0,223.0,1.0,0.0,3.0,93.0,0.0,825.0,92.0,21.0
33,casdinhosjc,438,4.0,0.0,0.0,0.0,37.0,0.0,0.0,0.0,0.0,0.0,179.0,20.0,198.0
34,casdvest,969,32.0,22.0,0.0,0.0,25.0,0.0,0.0,24.0,55.0,0.0,536.0,92.0,183.0
35,ceabb,874,339.0,211.0,0.0,0.0,50.0,0.0,0.0,2.0,4.0,0.0,198.0,27.0,43.0
36,ceespacolivre,2466,952.0,347.0,0.0,0.0,6.0,1.0,0.0,7.0,45.0,7.0,560.0,52.0,489.0
37,cem,4205,443.0,766.0,10.0,0.0,1084.0,2.0,0.0,31.0,65.0,0.0,973.0,552.0,279.0
38,ceprimeiromundo,4887,1580.0,1055.0,4.0,1.0,70.0,8.0,0.0,3.0,73.0,4.0,1436.0,653.0,0.0
39,ciadosaber,489,159.0,4.0,0.0,0.0,6.0,0.0,0.0,2.0,0.0,0.0,116.0,202.0,0.0
40,cicerofranklin,3,0.0,1.0,0.0,0.0,0.0,0.0,0.0,0.0,0.0,0.0,1.0,1.0,0.0
41,cnslpb,1,0.0,0.0,0.0,0.0,1.0,0.0,0.0,0.0,0.0,0.0,0.0,0.0,0.0
42,cognitivo,262,0.0,4.0,0.0,0.0,91.0,0.0,0.0,0.0,0.0,0.0,110.0,56.0,1.0
43,colegioarena,284,3.0,110.0,0.0,0.0,110.0,0.0,0.0,0.0,1.0,0.0,53.0,7.0,0.0
44,colegiobetelbrasileirosp,733,28.0,45.0,0.0,0.0,0.0,0.0,0.0,0.0,2.0,0.0,37.0,333.0,288.0
45,colegiobiangulo,17,0.0,0.0,0.0,0.0,0.0,0.0,0.0,0.0,0.0,0.0,0.0,17.0,0.0
46,colegiobianguloiv,17,0.0,0.0,0.0,0.0,0.0,0.0,0.0,0.0,0.0,0.0,0.0,17.0,0.0
47,colegiobilac,608,81.0,248.0,1.0,0.0,145.0,0.0,0.0,0.0,34.0,0.0,20.0,79.0,0.0
48,colegiobrasilia,23371,5075.0,839.0,257.0,4.0,1493.0,14.0,7.0,0.0,370.0,42.0,13050.0,2158.0,62.0
49,colegiocb,2862,475.0,822.0,0.0,0.0,219.0,0.0,0.0,12.0,39.0,4.0,257.0,423.0,611.0
50,colegiodasamericas,7983,2230.0,1225.0,0.0,1.0,375.0,50.0,0.0,33.0,1199.0,10.0,1492.0,792.0,576.0
51,colegioeag,19015,2520.0,5273.0,56.0,2.0,221.0,55.0,0.0,28.0,1658.0,19.0,595.0,828.0,7760.0
52,colegioecursodesafio,4370,47.0,1457.0,1.0,0.0,941.0,0.0,0.0,2.0,59.0,0.0,420.0,1443.0,0.0
53,colegioecursoprogressao,1527,605.0,400.0,0.0,0.0,324.0,1.0,0.0,5.0,10.0,37.0,111.0,34.0,0.0
54,colegioeducallis,155,0.0,122.0,0.0,0.0,9.0,0.0,0.0,1.0,4.0,0.0,14.0,5.0,0.0
55,colegioensitec,4261,634.0,663.0,0.0,0.0,159.0,0.0,0.0,4.0,30.0,17.0,476.0,112.0,2166.0
56,colegioflamingo,1327,150.0,354.0,0.0,0.0,288.0,1.0,6.0,29.0,135.0,1.0,280.0,70.0,13.0
57,colegiofuturageracao,839,228.0,406.0,0.0,0.0,7.0,0.0,0.0,0.0,11.0,0.0,133.0,37.0,17.0
58,colegioglobal,5,0.0,0.0,0.0,0.0,4.0,0.0,0.0,0.0,1.0,0.0,0.0,0.0,0.0
59,colegioguilhermedealmeida,5238,1119.0,2240.0,0.0,1.0,479.0,3.0,0.0,3.0,128.0,0.0,983.0,281.0,1.0
60,colegioiguatemy,4569,725.0,1313.0,0.0,1.0,322.0,0.0,0.0,0.0,17.0,0.0,1578.0,506.0,107.0
61,colegiointegral,17342,1128.0,2184.0,3.0,1.0,1459.0,0.0,0.0,89.0,238.0,0.0,1418.0,1319.0,9503.0
62,colegiojoaopaulo,7354,2732.0,830.0,249.0,0.0,55.0,1.0,19.0,25.0,326.0,2.0,1708.0,738.0,669.0
63,colegioliceu,2545,0.0,0.0,0.0,0.0,1204.0,0.0,0.0,0.0,0.0,0.0,772.0,569.0,0.0
64,colegiomagnum,1,0.0,0.0,0.0,0.0,1.0,0.0,0.0,0.0,0.0,0.0,0.0,0.0,0.0
65,colegioplanck,341,77.0,0.0,0.0,1.0,18.0,0.0,0.0,0.0,11.0,39.0,130.0,65.0,0.0
66,colegiopremium,659,111.0,187.0,2.0,1.0,15.0,0.0,0.0,1.0,55.0,0.0,265.0,22.0,0.0
67,colegiopremiumgentil,1422,0.0,0.0,0.0,0.0,0.0,0.0,0.0,0.0,694.0,0.0,490.0,211.0,27.0
68,colegioriobranco,3953,0.0,3.0,0.0,1.0,1756.0,0.0,0.0,0.0,5.0,2.0,1270.0,916.0,0.0
69,colegiosantamaria,121,0.0,5.0,0.0,0.0,56.0,0.0,0.0,0.0,0.0,0.0,33.0,25.0,2.0
70,colegiosaoluis,358,0.0,4.0,0.0,0.0,112.0,0.0,0.0,0.0,0.0,0.0,45.0,194.0,3.0
71,colegiosete,988,2.0,194.0,0.0,0.0,540.0,0.0,0.0,0.0,0.0,0.0,114.0,138.0,0.0
72,colegiouirapuru,256,46.0,38.0,0.0,0.0,134.0,0.0,0.0,0.0,5.0,0.0,0.0,33.0,0.0
73,colegiouniverso,3196,146.0,22.0,0.0,0.0,76.0,0.0,0.0,1.0,2.0,0.0,263.0,41.0,2645.0
74,colegioup,1,0.0,0.0,0.0,0.0,1.0,0.0,0.0,0.0,0.0,0.0,0.0,0.0,0.0
75,conexaosaber,500,17.0,444.0,0.0,0.0,1.0,5.0,0.0,0.0,2.0,0.0,24.0,7.0,0.0
76,conradochaves,755,43.0,324.0,0.0,1.0,1.0,0.0,0.0,0.0,1.0,0.0,81.0,303.0,1.0
77,contemporaneocidadeverde,8,0.0,0.0,0.0,0.0,8.0,0.0,0.0,0.0,0.0,0.0,0.0,0.0,0.0
78,contemporaneolagoanova,3,0.0,0.0,0.0,0.0,2.0,0.0,0.0,0.0,0.0,1.0,0.0,0.0,0.0
79,crb,3,0.0,0.0,0.0,0.0,1.0,2.0,0.0,0.0,0.0,0.0,0.0,0.0,0.0
80,crescercampinas,4,0.0,0.0,0.0,0.0,4.0,0.0,0.0,0.0,0.0,0.0,0.0,0.0,0.0
81,criancaesperanca,11,0.0,0.0,0.0,0.0,0.0,0.0,0.0,0.0,0.0,0.0,1.0,10.0,0.0
82,cursobase,133,0.0,0.0,0.0,0.0,19.0,0.0,0.0,0.0,0.0,0.0,114.0,0.0,0.0
83,cursoenfase,1471,1214.0,0.0,0.0,0.0,7.0,0.0,0.0,0.0,9.0,0.0,225.0,16.0,0.0
84,cursoisfera,654,6.0,0.0,0.0,0.0,12.0,0.0,0.0,0.0,16.0,0.0,617.0,3.0,0.0
85,cursoleopoldo,161,0.0,0.0,0.0,0.0,0.0,0.0,0.0,0.0,0.0,0.0,54.0,17.0,90.0
86,cursosazambuja,2965,18.0,174.0,0.0,0.0,105.0,0.0,0.0,0.0,12.0,0.0,754.0,311.0,1591.0
87,dante,3811,1549.0,7.0,0.0,2.0,916.0,0.0,0.0,0.0,174.0,1.0,558.0,603.0,1.0
88,deltaeducacional,4,0.0,0.0,0.0,0.0,4.0,0.0,0.0,0.0,0.0,0.0,0.0,0.0,0.0
89,domhelder,3,0.0,0.0,0.0,0.0,3.0,0.0,0.0,0.0,0.0,0.0,0.0,0.0,0.0
90,eacorcovado,4210,242.0,902.0,74.0,0.0,299.0,0.0,1.0,0.0,105.0,7.0,2065.0,293.0,222.0
91,eccos,5948,2619.0,634.0,13.0,4.0,364.0,45.0,0.0,832.0,160.0,5.0,827.0,415.0,30.0
92,educamais,338,12.0,30.0,6.0,9.0,222.0,0.0,0.0,0.0,12.0,0.0,18.0,27.0,2.0
93,educarse,221,0.0,0.0,0.0,12.0,25.0,0.0,0.0,0.0,7.0,0.0,66.0,105.0,6.0
94,einsteinassis,5822,195.0,418.0,0.0,0.0,1214.0,0.0,0.0,2.0,42.0,0.0,576.0,710.0,2665.0
95,eldapereira,399,0.0,177.0,1.0,0.0,2.0,0.0,0.0,0.0,7.0,0.0,9.0,203.0,0.0
96,elitecuritiba,7342,4289.0,0.0,0.0,0.0,0.0,0.0,0.0,0.0,83.0,0.0,2969.0,0.0,1.0
97,elitecuritibaemilianoperneta,2490,631.0,49.0,0.0,0.0,256.0,0.0,0.0,0.0,942.0,0.0,595.0,17.0,0.0
98,eluneonline,1,0.0,0.0,0.0,0.0,1.0,0.0,0.0,0.0,0.0,0.0,0.0,0.0,0.0
99,engenhomoscou,1,0.0,0.0,0.0,0.0,1.0,0.0,0.0,0.0,0.0,0.0,0.0,0.0,0.0
100,equipe,25,0.0,0.0,0.0,0.0,12.0,0.0,0.0,0.0,2.0,0.0,5.0,6.0,0.0
101,escolaceciliameireles,765,7.0,702.0,0.0,0.0,3.0,0.0,0.0,0.0,0.0,0.0,10.0,43.0,0.0
102,escoladofuturo,447,0.0,4.0,0.0,0.0,225.0,0.0,0.0,0.0,0.0,0.0,108.0,109.0,1.0
103,escolamaster,2442,0.0,0.0,0.0,0.0,1140.0,0.0,0.0,0.0,0.0,0.0,740.0,562.0,0.0
104,esmg,798,0.0,1.0,0.0,0.0,420.0,0.0,0.0,0.0,0.0,0.0,190.0,187.0,0.0
105,faculdadeflamingo,6637,1252.0,405.0,0.0,1.0,651.0,2.0,0.0,0.0,250.0,13.0,2890.0,684.0,489.0
106,forumcultural,897,0.0,8.0,0.0,14.0,455.0,0.0,0.0,0.0,5.0,0.0,206.0,207.0,2.0
107,franciscoperes,207,0.0,55.0,0.0,0.0,0.0,0.0,0.0,0.0,0.0,0.0,0.0,152.0,0.0
108,franciscopinto,59,2.0,52.0,0.0,1.0,1.0,0.0,0.0,0.0,0.0,2.0,1.0,0.0,0.0
109,francobrasileiro,6,0.0,0.0,0.0,0.0,3.0,0.0,0.0,0.0,2.0,0.0,1.0,0.0,0.0
110,gamt,81,22.0,37.0,0.0,0.0,1.0,0.0,1.0,0.0,1.0,0.0,10.0,9.0,0.0
111,goncalomartins,8,0.0,0.0,0.0,0.0,0.0,0.0,0.0,0.0,0.0,0.0,5.0,3.0,0.0
112,guilhermefilho,114,0.0,23.0,21.0,1.0,1.0,0.0,0.0,0.0,0.0,0.0,9.0,59.0,0.0
113,hamiltondarocha,2113,23.0,962.0,7.0,0.0,141.0,5.0,0.0,1.0,234.0,0.0,227.0,507.0,6.0
114,herciliovilanova,8,0.0,1.0,0.0,0.0,2.0,0.0,0.0,0.0,0.0,0.0,1.0,4.0,0.0
115,idb,1,0.0,0.0,0.0,0.0,1.0,0.0,0.0,0.0,0.0,0.0,0.0,0.0,0.0
116,insa,411,121.0,21.0,0.0,0.0,34.0,0.0,0.0,0.0,2.0,1.0,103.0,80.0,49.0
117,institutoeurofarma,766,50.0,0.0,0.0,0.0,113.0,1.0,0.0,0.0,0.0,0.0,239.0,363.0,0.0
118,integra,4835,1069.0,1427.0,0.0,11.0,40.0,0.0,0.0,0.0,197.0,0.0,589.0,1368.0,134.0
119,integradaeducativa,1231,275.0,88.0,0.0,0.0,218.0,0.0,0.0,6.0,6.0,0.0,489.0,97.0,52.0
120,invictus,2308,19.0,852.0,0.0,0.0,43.0,0.0,0.0,0.0,10.0,2.0,270.0,77.0,1035.0
121,ipdhsolucoes,615,1.0,12.0,0.0,11.0,0.0,0.0,0.0,2.0,302.0,0.0,108.0,177.0,2.0
122,iracemarufino,189,2.0,1.0,0.0,0.0,0.0,0.0,0.0,0.0,0.0,0.0,0.0,186.0,0.0
123,isem,887,28.0,120.0,0.0,0.0,4.0,5.0,0.0,63.0,0.0,0.0,592.0,75.0,0.0
124,ismart,797,16.0,4.0,0.0,3.0,274.0,0.0,0.0,1.0,19.0,2.0,313.0,165.0,0.0
125,itamarati,7482,3887.0,1344.0,0.0,30.0,0.0,462.0,0.0,185.0,73.0,0.0,1111.0,131.0,259.0
126,jardimsaopaulo,253,2.0,4.0,0.0,0.0,89.0,0.0,0.0,0.0,0.0,0.0,107.0,51.0,0.0
127,joaobelem,477,80.0,111.0,0.0,0.0,1.0,8.0,0.0,0.0,16.0,0.0,61.0,196.0,4.0
128,joaorosa,194,2.0,48.0,0.0,0.0,19.0,0.0,0.0,0.0,35.0,0.0,55.0,35.0,0.0
129,joaosampaio,251,74.0,64.0,0.0,0.0,0.0,0.0,0.0,0.0,1.0,0.0,31.0,80.0,1.0
130,joaoxxiii,2,0.0,0.0,0.0,0.0,1.0,0.0,0.0,0.0,0.0,0.0,0.0,1.0,0.0
131,josemariano,1,0.0,0.0,0.0,0.0,1.0,0.0,0.0,0.0,0.0,0.0,0.0,0.0,0.0
132,josemelo,20,3.0,0.0,0.0,1.0,0.0,0.0,0.0,0.0,2.0,0.0,5.0,9.0,0.0
133,josepinheiro,563,22.0,149.0,1.0,0.0,244.0,0.0,0.0,0.0,46.0,13.0,22.0,66.0,0.0
134,josesoares,18,0.0,2.0,0.0,0.0,5.0,0.0,0.0,0.0,0.0,0.0,3.0,8.0,0.0
135,laboratoriosromildo,282,0.0,7.0,0.0,0.0,1.0,0.0,0.0,0.0,0.0,0.0,1.0,262.0,11.0
136,liessin,452,8.0,1.0,0.0,8.0,17.0,11.0,0.0,27.0,124.0,0.0,240.0,16.0,0.0
137,liessinbarra,307,0.0,10.0,0.0,8.0,1.0,6.0,0.0,9.0,59.0,0.0,214.0,0.0,0.0
138,litteratus,4,0.0,0.0,0.0,0.0,1.0,0.0,0.0,0.0,0.0,0.0,0.0,3.0,0.0
139,luizgonzaga,125,2.0,24.0,0.0,0.0,0.0,0.0,0.0,0.0,34.0,0.0,0.0,65.0,0.0
140,macvest,919,102.0,11.0,1.0,2.0,129.0,1.0,0.0,0.0,137.0,0.0,457.0,77.0,2.0
141,manoelbatista,9,1.0,1.0,0.0,0.0,3.0,0.0,0.0,0.0,0.0,1.0,1.0,2.0,0.0
142,manoelbernardino,11,0.0,1.0,0.0,0.0,1.0,0.0,0.0,0.0,0.0,0.0,0.0,9.0,0.0
143,manoelfrancisco,8,1.0,1.0,0.0,1.0,1.0,0.0,0.0,0.0,1.0,0.0,2.0,1.0,0.0
144,manoelmarcelino,4,0.0,0.0,0.0,0.0,1.0,0.0,0.0,0.0,0.0,0.0,0.0,3.0,0.0
145,manoelqueiroz,21,0.0,3.0,0.0,0.0,3.0,0.0,0.0,0.0,0.0,0.0,3.0,12.0,0.0
146,maplebearslz,4,0.0,0.0,0.0,0.0,4.0,0.0,0.0,0.0,0.0,0.0,0.0,0.0,0.0
147,mariacarmo,38,2.0,1.0,0.0,0.0,1.0,0.0,0.0,0.0,0.0,0.0,33.0,1.0,0.0
148,mariaeunice,538,17.0,322.0,0.0,0.0,0.0,0.0,0.0,0.0,9.0,0.0,78.0,112.0,0.0
149,marialaura,516,0.0,167.0,1.0,0.0,0.0,0.0,0.0,0.0,55.0,0.0,0.0,293.0,0.0
150,marialeao,12,1.0,0.0,0.0,0.0,7.0,0.0,0.0,0.0,0.0,0.0,0.0,4.0,0.0
151,mariamerces,2,0.0,0.0,0.0,0.0,1.0,0.0,0.0,0.0,0.0,0.0,0.0,1.0,0.0
152,marianair,1026,180.0,394.0,0.0,1.0,0.0,0.0,0.0,0.0,40.0,0.0,48.0,363.0,0.0
153,mariaolinda,263,16.0,64.0,1.0,0.0,0.0,0.0,0.0,0.0,25.0,0.0,0.0,157.0,0.0
154,mariliamattoso,4406,262.0,799.0,0.0,3.0,56.0,0.0,0.0,7.0,159.0,3.0,2541.0,513.0,63.0
155,master,71,2.0,0.0,0.0,0.0,19.0,0.0,0.0,0.0,0.0,0.0,50.0,0.0,0.0
156,mastersolucoes,586,0.0,0.0,0.0,2.0,0.0,0.0,0.0,0.0,317.0,0.0,136.0,130.0,1.0
157,melquiadescamelo,16,6.0,1.0,0.0,0.0,0.0,1.0,0.0,0.0,2.0,0.0,5.0,0.0,1.0
158,moaciralves,1124,152.0,158.0,0.0,0.0,82.0,1.0,0.0,0.0,138.0,0.0,134.0,457.0,2.0
159,mocinhagomes,161,5.0,47.0,0.0,4.0,31.0,2.0,0.0,1.0,8.0,0.0,10.0,53.0,0.0
160,monsenhorfrancisco,62,33.0,7.0,0.0,0.0,1.0,0.0,0.0,0.0,0.0,0.0,1.0,19.0,1.0
161,monsenhorgoncalo,758,172.0,130.0,0.0,0.0,4.0,0.0,0.0,0.0,3.0,1.0,5.0,443.0,0.0
162,motiva,157,0.0,0.0,0.0,0.0,18.0,0.0,0.0,0.0,0.0,0.0,123.0,16.0,0.0
163,msetemporario,1,0.0,0.0,0.0,0.0,0.0,0.0,0.0,0.0,0.0,0.0,1.0,0.0,0.0
164,murilorocha,1899,320.0,408.0,28.0,5.0,53.0,0.0,0.0,0.0,229.0,6.0,454.0,385.0,11.0
165,navegasas,178,0.0,21.0,0.0,30.0,31.0,0.0,0.0,0.0,0.0,0.0,65.0,31.0,0.0
166,novotempo,12,2.0,2.0,0.0,0.0,4.0,0.0,0.0,0.0,0.0,0.0,0.0,3.0,1.0
167,nsfatima,473,69.0,127.0,0.0,0.0,0.0,0.0,0.0,0.0,2.0,0.0,17.0,258.0,0.0
168,nucleocriativo,1236,5.0,145.0,0.0,0.0,21.0,0.0,0.0,0.0,3.0,0.0,5.0,140.0,917.0
169,objetivolorena,4463,1260.0,1009.0,0.0,0.0,304.0,0.0,0.0,2.0,13.0,0.0,1198.0,260.0,417.0
170,overabelcabral,9404,1368.0,991.0,0.0,0.0,196.0,2.0,0.0,30.0,55.0,51.0,675.0,224.0,5812.0
171,overjoaopessoa,791,15.0,14.0,0.0,0.0,10.0,0.0,0.0,15.0,5.0,1.0,99.0,44.0,588.0
172,overlimaesilva,2338,260.0,886.0,0.0,0.0,0.0,2.0,0.0,0.0,25.0,0.0,217.0,186.0,762.0
173,overmarciliofurtado,6205,403.0,266.0,0.0,0.0,67.0,0.0,0.0,11.0,57.0,0.0,390.0,87.0,4924.0
174,overmossoro,2527,173.0,391.0,0.0,0.0,18.0,0.0,0.0,0.0,58.0,0.0,284.0,61.0,1542.0
175,overnascimentodecastro,1719,2.0,0.0,0.0,0.0,6.0,1.0,0.0,115.0,4.0,0.0,263.0,74.0,1254.0
176,overpontanegra,6327,330.0,835.0,0.0,0.0,51.0,0.0,0.0,0.0,59.0,26.0,533.0,100.0,4393.0
177,overzonanorte,6466,273.0,348.0,0.0,0.0,35.0,0.0,0.0,0.0,51.0,6.0,526.0,52.0,5175.0
178,palmares,3,0.0,0.0,0.0,0.0,1.0,0.0,0.0,0.0,0.0,0.0,1.0,1.0,0.0
179,pauloviana,30,12.0,2.0,0.0,0.0,2.0,1.0,0.0,3.0,0.0,0.0,2.0,8.0,0.0
180,pedrocamelo,22,0.0,9.0,0.0,0.0,0.0,0.0,0.0,0.0,3.0,0.0,0.0,9.0,1.0
181,pesenglish,344,3.0,3.0,0.0,0.0,0.0,0.0,0.0,0.0,39.0,0.0,29.0,270.0,0.0
182,physicsalcindocacela,1705,775.0,3.0,0.0,0.0,113.0,0.0,0.0,2.0,7.0,0.0,773.0,22.0,10.0
183,physicsalmirantebarroso,3377,780.0,89.0,1.0,0.0,1152.0,5.0,0.0,14.0,78.0,0.0,959.0,98.0,201.0
184,physicsaugustomontenegro,4883,2881.0,103.0,1.0,0.0,1082.0,0.0,0.0,6.0,11.0,0.0,756.0,43.0,0.0
185,physicsbatistacampos,3515,1151.0,318.0,1.0,0.0,1369.0,2.0,0.0,0.0,23.0,0.0,615.0,26.0,10.0
186,physicscidadenova,3745,1324.0,164.0,0.0,0.0,1349.0,0.0,0.0,4.0,19.0,0.0,718.0,31.0,136.0
187,physicsconselheirofurtado,2186,1924.0,7.0,0.0,0.0,9.0,0.0,0.0,0.0,9.0,0.0,237.0,0.0,0.0
188,physicsmacapa,704,127.0,30.0,0.0,0.0,230.0,0.0,0.0,6.0,1.0,0.0,249.0,57.0,4.0
189,physicsumarizal,3459,1392.0,72.0,0.0,2.0,1038.0,1.0,0.0,127.0,27.0,0.0,688.0,90.0,22.0
190,pioxi,3429,101.0,1108.0,1.0,4.0,22.0,0.0,0.0,0.0,4.0,6.0,478.0,163.0,1542.0
191,pioxiicolegio,10,0.0,0.0,0.0,0.0,10.0,0.0,0.0,0.0,0.0,0.0,0.0,0.0,0.0
192,portalsas,5,0.0,1.0,0.0,1.0,1.0,0.0,0.0,0.0,1.0,1.0,0.0,0.0,0.0
193,portinari,6387,1753.0,2434.0,4.0,1.0,144.0,150.0,8.0,112.0,220.0,0.0,1237.0,302.0,22.0
194,porto,718,3.0,17.0,0.0,1.0,269.0,0.0,0.0,0.0,4.0,3.0,329.0,92.0,0.0
195,portoseguro,11,0.0,0.0,0.0,0.0,0.0,0.0,0.0,0.0,0.0,11.0,0.0,0.0,0.0
196,primeirodemaio,459,11.0,10.0,0.0,0.0,39.0,0.0,0.0,0.0,82.0,0.0,246.0,71.0,0.0
197,prismapatrocinio,43,1.0,1.0,0.0,0.0,12.0,0.0,0.0,0.0,10.0,6.0,6.0,7.0,0.0
198,profederal,3015,825.0,27.0,0.0,0.0,180.0,0.0,0.0,55.0,914.0,0.0,850.0,164.0,0.0
199,provaspoliedro,36,0.0,2.0,0.0,0.0,11.0,0.0,0.0,0.0,0.0,1.0,22.0,0.0,0.0
200,psantagema,1152,56.0,221.0,0.0,0.0,430.0,1.0,0.0,2.0,0.0,0.0,416.0,26.0,0.0
201,raimundoalves,26,0.0,5.0,0.0,0.0,2.0,3.0,0.0,2.0,1.0,0.0,11.0,2.0,0.0
202,riobrancocampinas,29,0.0,4.0,0.0,14.0,4.0,1.0,0.0,0.0,0.0,0.0,6.0,0.0,0.0
203,sagradafamilia,2545,0.0,0.0,0.0,0.0,1204.0,0.0,0.0,0.0,0.0,0.0,772.0,569.0,0.0
204,santadoroteia,2545,0.0,0.0,0.0,0.0,1204.0,0.0,0.0,0.0,0.0,0.0,772.0,569.0,0.0
205,santoagostinho,584,0.0,0.0,0.0,0.0,266.0,0.0,0.0,0.0,0.0,0.0,158.0,160.0,0.0
206,santoagostinhomg,3,0.0,0.0,0.0,0.0,1.0,0.0,0.0,0.0,1.0,0.0,1.0,0.0,0.0
207,santoamerico,11373,892.0,1141.0,56.0,87.0,698.0,0.0,0.0,0.0,3640.0,14.0,3366.0,629.0,850.0
208,santoantonio,8,0.0,1.0,0.0,1.0,2.0,0.0,0.0,0.0,1.0,0.0,0.0,3.0,0.0
209,saosebastiao,2,0.0,0.0,0.0,0.0,2.0,0.0,0.0,0.0,0.0,0.0,0.0,0.0,0.0
210,sas,34151,22.0,611.0,0.0,56.0,12696.0,0.0,0.0,0.0,5609.0,20.0,6719.0,8418.0,0.0
211,sasadapt,26,1.0,2.0,0.0,11.0,6.0,0.0,1.0,0.0,3.0,1.0,1.0,0.0,0.0
212,sasadaptem,112,0.0,0.0,0.0,0.0,57.0,0.0,0.0,0.0,0.0,0.0,29.0,26.0,0.0
213,sasadaptfund,893,0.0,0.0,0.0,0.0,327.0,0.0,0.0,0.0,1.0,0.0,350.0,214.0,1.0
214,saseducacao,2275,0.0,0.0,0.0,1.0,1034.0,0.0,0.0,0.0,0.0,0.0,685.0,555.0,0.0
215,senhorbonfim,600,40.0,58.0,0.0,0.0,12.0,0.0,0.0,0.0,40.0,0.0,107.0,343.0,0.0
216,serios,358,0.0,0.0,0.0,3.0,108.0,0.0,0.0,0.0,0.0,1.0,166.0,80.0,0.0
217,souhabilis,2,0.0,0.0,0.0,0.0,2.0,0.0,0.0,0.0,0.0,0.0,0.0,0.0,0.0
218,spdacruz,2159,102.0,629.0,0.0,0.0,75.0,18.0,0.0,5.0,102.0,0.0,931.0,297.0,0.0
219,stellamarisaguaverde,5169,2003.0,1607.0,0.0,0.0,92.0,1.0,0.0,13.0,20.0,0.0,146.0,428.0,859.0
220,stellamarisjuveve,13118,6032.0,1938.0,0.0,0.0,755.0,0.0,0.0,17.0,50.0,5.0,2338.0,1766.0,217.0
221,stellamarisxaxim,6785,3962.0,541.0,0.0,0.0,888.0,0.0,0.0,7.0,71.0,0.0,1072.0,153.0,91.0
222,tialo,1,0.0,0.0,0.0,0.0,0.0,0.0,0.0,0.0,0.0,0.0,0.0,1.0,0.0
223,tiquinhodegente,10,0.0,0.0,0.0,0.0,3.0,0.0,0.0,0.0,0.0,0.0,6.0,1.0,0.0
224,universitariolondrina,10690,992.0,904.0,0.0,0.0,824.0,0.0,0.0,31.0,156.0,1.0,2176.0,769.0,4837.0
225,universobarcarena,4072,2675.0,550.0,0.0,0.0,143.0,0.0,0.0,0.0,1.0,0.0,579.0,124.0,0.0
226,valdemiracoelho,756,131.0,108.0,0.0,0.0,38.0,6.0,0.0,5.0,143.0,0.0,118.0,206.0,1.0
227,venceslauchaves,17,1.0,0.0,0.0,0.0,0.0,0.0,0.0,0.0,0.0,0.0,0.0,16.0,0.0
228,vicentecravo,261,3.0,172.0,0.0,0.0,5.0,0.0,0.0,0.0,0.0,0.0,3.0,78.0,0.0
229,villalobos,6277,1503.0,419.0,1.0,0.0,1245.0,3.0,0.0,27.0,154.0,0.0,2635.0,281.0,9.0
230,zacariasliberato,136,1.0,50.0,7.0,5.0,0.0,0.0,0.0,0.0,10.0,0.0,1.0,61.0,1.0
231,zecarioca,4,0.0,3.0,0.0,0.0,0.0,0.0,0.0,0.0,0.0,0.0,0.0,1.0,0.0
